{
    "metrics": {
        "http_req_failed": {
            "passes": 817948,
            "fails": 1,
            "thresholds": {
                "rate<0.05": true
            },
            "value": 0.9999987774298886
        },
        "iteration_duration": {
            "avg": 3.658969412714498,
            "min": 0.151356,
            "med": 3.2404089999999997,
            "max": 33.984944,
            "p(90)": 6.457410900000003,
            "p(95)": 7.7054705999999955
        },
        "vus": {
            "value": 50,
            "min": 50,
            "max": 50
        },
        "http_req_duration{expected_response:true}": {
            "p(95)": 22.423579,
            "avg": 22.423579,
            "min": 22.423579,
            "med": 22.423579,
            "max": 22.423579,
            "p(90)": 22.423579
        },
        "http_req_waiting": {
            "avg": 3.5108710779058714,
            "min": 0.106377,
            "med": 3.093562,
            "max": 33.887486,
            "p(90)": 6.290214,
            "p(95)": 7.5264913999999985
        },
        "data_received": {
            "count": 263610092,
            "rate": 4391393.688076583
        },
        "checks": {
            "passes": 1,
            "fails": 817948,
            "thresholds": {
                "rate>0.95": true
            },
            "value": 0.00000122257011133946
        },
        "http_req_tls_handshaking": {
            "min": 0,
            "med": 0,
            "max": 0,
            "p(90)": 0,
            "p(95)": 0,
            "avg": 0
        },
        "vus_max": {
            "value": 50,
            "min": 50,
            "max": 50
        },
        "http_req_sending": {
            "med": 0.007812,
            "max": 6.10002,
            "p(90)": 0.012992,
            "p(95)": 0.01546,
            "avg": 0.009054759299173695,
            "min": 0.001641
        },
        "http_req_receiving": {
            "med": 0.024316,
            "max": 6.647608,
            "p(90)": 0.044079,
            "p(95)": 0.051541,
            "avg": 0.02836265548952281,
            "min": 0.003882
        },
        "http_req_duration": {
            "p(90)": 6.333212200000001,
            "p(95)": 7.573047399999999,
            "avg": 3.5482884926945957,
            "min": 0.117175,
            "med": 3.130573,
            "max": 33.910288,
            "thresholds": {
                "p(95)<1500": false
            }
        },
        "http_req_connecting": {
            "p(95)": 0,
            "avg": 0.00004349248425024054,
            "min": 0,
            "med": 0,
            "max": 1.528807,
            "p(90)": 0
        },
        "iterations": {
            "count": 817948,
            "rate": 13625.92629562477
        },
        "http_req_blocked": {
            "max": 2.046297,
            "p(90)": 0.004055,
            "p(95)": 0.00472,
            "avg": 0.002715282498053024,
            "min": 0.00043,
            "med": 0.002341
        },
        "data_sent": {
            "count": 607032649,
            "rate": 10112356.939942222
        },
        "http_reqs": {
            "count": 817949,
            "rate": 13625.942954295364
        }
    },
    "setup_data": {
        "token": "eyJhbGciOiJIUzI1NiIsInR5cCI6IkpXVCJ9.eyJ1c2VyX2lkIjoiMDE5ZWU5MWUtMTkyMy03NzMzLTkxNzEtZWY4ZjZkYTgyYTRlIiwiaXNzIjoicnBhLW1hcmtldC1pYW0iLCJleHAiOjE3ODIwMzQyNTQsImlhdCI6MTc4MjAzMjQ1NH0._hE0ZTdRPfUiTPCNswKHIEMEWivlD_UmVM6KIGgQ8Rw",
        "cookieHeader": "auth_token=eyJhbGciOiJIUzI1NiIsInR5cCI6IkpXVCJ9.eyJ1c2VyX2lkIjoiMDE5ZWU5MWUtMTkyMy03NzMzLTkxNzEtZWY4ZjZkYTgyYTRlIiwiaXNzIjoicnBhLW1hcmtldC1pYW0iLCJleHAiOjE3ODIwMzQyNTQsImlhdCI6MTc4MjAzMjQ1NH0._hE0ZTdRPfUiTPCNswKHIEMEWivlD_UmVM6KIGgQ8Rw; session_id=66f76972-8c74-48b6-8935-dfe0cac54c0c",
        "cookies": {
            "auth_token": [
                {
                    "Path": "/",
                    "HTTPOnly": true,
                    "Secure": false,
                    "MaxAge": 1800,
                    "Expires": -6795364578871,
                    "Name": "auth_token",
                    "Value": "eyJhbGciOiJIUzI1NiIsInR5cCI6IkpXVCJ9.eyJ1c2VyX2lkIjoiMDE5ZWU5MWUtMTkyMy03NzMzLTkxNzEtZWY4ZjZkYTgyYTRlIiwiaXNzIjoicnBhLW1hcmtldC1pYW0iLCJleHAiOjE3ODIwMzQyNTQsImlhdCI6MTc4MjAzMjQ1NH0._hE0ZTdRPfUiTPCNswKHIEMEWivlD_UmVM6KIGgQ8Rw",
                    "Domain": ""
                }
            ],
            "session_id": [
                {
                    "Name": "session_id",
                    "Value": "66f76972-8c74-48b6-8935-dfe0cac54c0c",
                    "Domain": "",
                    "Path": "/",
                    "HTTPOnly": true,
                    "Secure": false,
                    "MaxAge": 604800,
                    "Expires": -6795364578871
                }
            ]
        }
    },
    "root_group": {
        "name": "",
        "path": "",
        "id": "d41d8cd98f00b204e9800998ecf8427e",
        "groups": {
            "setup": {
                "path": "::setup",
                "id": "5c0f8025f7e0b6654089e5b00e950f1a",
                "groups": {},
                "checks": {
                        "setup_login status": {
                            "fails": 0,
                            "name": "setup_login status",
                            "path": "::setup::setup_login status",
                            "id": "ec2704440794f5598d37961555e6c1a7",
                            "passes": 1
                        }
                    },
                "name": "setup"
            }
        },
        "checks": {
            "iam_role_get status": {
                "name": "iam_role_get status",
                "path": "::iam_role_get status",
                "id": "dda3acd462ba6d2a305fc2323822db40",
                "passes": 0,
                "fails": 817948
            }
        }
    }
}