{
    "root_group": {
        "groups": {
            "setup": {
                "checks": {
                    "setup_login status": {
                        "path": "::setup::setup_login status",
                        "id": "ec2704440794f5598d37961555e6c1a7",
                        "passes": 1,
                        "fails": 0,
                        "name": "setup_login status"
                    }
                },
                "name": "setup",
                "path": "::setup",
                "id": "5c0f8025f7e0b6654089e5b00e950f1a",
                "groups": {}
            }
        },
        "checks": {
            "iam_profile_update status": {
                "fails": 0,
                "name": "iam_profile_update status",
                "path": "::iam_profile_update status",
                "id": "b30db9284e76f13d315f2730c30f75de",
                "passes": 26776
            }
        },
        "name": "",
        "path": "",
        "id": "d41d8cd98f00b204e9800998ecf8427e"
    },
    "metrics": {
        "http_req_receiving": {
            "avg": 0.035205691937110116,
            "min": 0.011671,
            "med": 0.033832,
            "max": 0.226719,
            "p(90)": 0.0498614,
            "p(95)": 0.05617259999999996
        },
        "http_req_failed": {
            "passes": 0,
            "fails": 26777,
            "thresholds": {
                "rate<0.05": false
            },
            "value": 0
        },
        "http_reqs": {
            "count": 26777,
            "rate": 445.2225332364518
        },
        "http_req_duration{expected_response:true}": {
            "p(95)": 345.58475619999996,
            "avg": 112.0072641985281,
            "min": 3.391083,
            "med": 75.148659,
            "max": 1279.68429,
            "p(90)": 262.85525800000005
        },
        "http_req_duration": {
            "avg": 112.0072641985281,
            "min": 3.391083,
            "med": 75.148659,
            "max": 1279.68429,
            "p(90)": 262.85525800000005,
            "p(95)": 345.58475619999996,
            "thresholds": {
                "p(95)<1500": false
            }
        },
        "data_sent": {
            "count": 22685534,
            "rate": 377193.5211301362
        },
        "vus_max": {
            "value": 50,
            "min": 50,
            "max": 50
        },
        "iteration_duration": {
            "p(90)": 262.9497725,
            "p(95)": 345.687954,
            "avg": 112.13256103376166,
            "min": 3.561309,
            "med": 75.290162,
            "max": 1279.786687
        },
        "checks": {
            "passes": 26777,
            "fails": 0,
            "thresholds": {
                "rate>0.95": false
            },
            "value": 1
        },
        "http_req_blocked": {
            "p(95)": 0.003997199999999997,
            "avg": 0.003152192329237783,
            "min": 0.000975,
            "med": 0.002423,
            "max": 2.25388,
            "p(90)": 0.003553
        },
        "http_req_tls_handshaking": {
            "med": 0,
            "max": 0,
            "p(90)": 0,
            "p(95)": 0,
            "avg": 0,
            "min": 0
        },
        "iterations": {
            "count": 26776,
            "rate": 445.2059061858772
        },
        "http_req_connecting": {
            "p(95)": 0,
            "avg": 0.000300990663629234,
            "min": 0,
            "med": 0,
            "max": 0.505666,
            "p(90)": 0
        },
        "data_received": {
            "count": 8441328,
            "rate": 140354.38757290927
        },
        "vus": {
            "value": 50,
            "min": 50,
            "max": 50
        },
        "http_req_sending": {
            "p(95)": 0.01771879999999999,
            "avg": 0.011689665384471698,
            "min": 0.003947,
            "med": 0.011031,
            "max": 1.96702,
            "p(90)": 0.0157224
        },
        "http_req_waiting": {
            "avg": 111.9603688412069,
            "min": 3.319656,
            "med": 75.099642,
            "max": 1279.635892,
            "p(90)": 262.8220754000001,
            "p(95)": 345.5431916
        }
    },
    "setup_data": {
        "cookies": {
            "auth_token": [
                {
                    "Path": "/",
                    "HTTPOnly": true,
                    "Secure": false,
                    "MaxAge": 1800,
                    "Expires": -6795364578871,
                    "Name": "auth_token",
                    "Value": "eyJhbGciOiJIUzI1NiIsInR5cCI6IkpXVCJ9.eyJ1c2VyX2lkIjoiMDE5ZWU5MWUtMTkyMy03NzMzLTkxNzEtZWY4ZjZkYTgyYTRlIiwiaXNzIjoicnBhLW1hcmtldC1pYW0iLCJleHAiOjE3ODIwMzM4MTcsImlhdCI6MTc4MjAzMjAxN30.iBuHx6Q-nYesxCix7sdkLwiBy5_F6LCNs5-RWcEh79M",
                    "Domain": ""
                }
            ],
            "session_id": [
                {
                    "Domain": "",
                    "Path": "/",
                    "HTTPOnly": true,
                    "Secure": false,
                    "MaxAge": 604800,
                    "Expires": -6795364578871,
                    "Name": "session_id",
                    "Value": "a903f6d8-c976-4a8a-8b2a-e89080a1d209"
                }
            ]
        },
        "token": "eyJhbGciOiJIUzI1NiIsInR5cCI6IkpXVCJ9.eyJ1c2VyX2lkIjoiMDE5ZWU5MWUtMTkyMy03NzMzLTkxNzEtZWY4ZjZkYTgyYTRlIiwiaXNzIjoicnBhLW1hcmtldC1pYW0iLCJleHAiOjE3ODIwMzM4MTcsImlhdCI6MTc4MjAzMjAxN30.iBuHx6Q-nYesxCix7sdkLwiBy5_F6LCNs5-RWcEh79M",
        "cookieHeader": "session_id=a903f6d8-c976-4a8a-8b2a-e89080a1d209; auth_token=eyJhbGciOiJIUzI1NiIsInR5cCI6IkpXVCJ9.eyJ1c2VyX2lkIjoiMDE5ZWU5MWUtMTkyMy03NzMzLTkxNzEtZWY4ZjZkYTgyYTRlIiwiaXNzIjoicnBhLW1hcmtldC1pYW0iLCJleHAiOjE3ODIwMzM4MTcsImlhdCI6MTc4MjAzMjAxN30.iBuHx6Q-nYesxCix7sdkLwiBy5_F6LCNs5-RWcEh79M"
    }
}