{
    "root_group": {
        "name": "",
        "path": "",
        "id": "d41d8cd98f00b204e9800998ecf8427e",
        "groups": {
            "setup": {
                "path": "::setup",
                "id": "5c0f8025f7e0b6654089e5b00e950f1a",
                "groups": {},
                "checks": {
                        "setup_login status": {
                            "passes": 1,
                            "fails": 0,
                            "name": "setup_login status",
                            "path": "::setup::setup_login status",
                            "id": "ec2704440794f5598d37961555e6c1a7"
                        },
                        "iam_group_create_seed status": {
                            "passes": 1,
                            "fails": 0,
                            "name": "iam_group_create_seed status",
                            "path": "::setup::iam_group_create_seed status",
                            "id": "3bb63f3cf774d33ab14eab88aa1ffeb3"
                        }
                    },
                "name": "setup"
            }
        },
        "checks": {
            "iam_group_detail status": {
                "name": "iam_group_detail status",
                "path": "::iam_group_detail status",
                "id": "0c1f95dda5f33579df06bb5f8ef054a7",
                "passes": 0,
                "fails": 831372
            }
        }
    },
    "metrics": {
        "http_req_blocked": {
            "avg": 0.002595152577540245,
            "min": 0.000421,
            "med": 0.002242,
            "max": 2.986305,
            "p(90)": 0.003922,
            "p(95)": 0.004577
        },
        "http_req_waiting": {
            "p(95)": 7.360000049999999,
            "avg": 3.45775535223847,
            "min": 0.096769,
            "med": 3.0518545,
            "max": 24.381923,
            "p(90)": 6.184774700000002
        },
        "vus": {
            "value": 50,
            "min": 50,
            "max": 50
        },
        "iterations": {
            "count": 831372,
            "rate": 13848.315034153176
        },
        "checks": {
            "passes": 2,
            "fails": 831372,
            "thresholds": {
                "rate>0.95": true
            },
            "value": 0.0000024056561788076126
        },
        "vus_max": {
            "value": 50,
            "min": 50,
            "max": 50
        },
        "data_sent": {
            "count": 650260504,
            "rate": 10831507.813180167
        },
        "http_req_duration{expected_response:true}": {
            "min": 6.234795,
            "med": 15.374253999999999,
            "max": 24.513713,
            "p(90)": 22.6858212,
            "p(95)": 23.599767099999994,
            "avg": 15.374254
        },
        "http_req_sending": {
            "avg": 0.008766284323300807,
            "min": 0.001787,
            "med": 0.00764,
            "max": 6.335343,
            "p(90)": 0.012797,
            "p(95)": 0.015207
        },
        "http_req_failed": {
            "passes": 831372,
            "fails": 2,
            "thresholds": {
                "rate<0.05": true
            },
            "value": 0.9999975943438212
        },
        "http_req_connecting": {
            "min": 0,
            "med": 0,
            "max": 0.674173,
            "p(90)": 0,
            "p(95)": 0,
            "avg": 0.000021584259310490827
        },
        "data_received": {
            "count": 274606447,
            "rate": 4574169.671898365
        },
        "iteration_duration": {
            "avg": 3.599983975598222,
            "min": 0.150253,
            "med": 3.1925220000000003,
            "max": 21.072998,
            "p(90)": 6.348678200000001,
            "p(95)": 7.53075854999999
        },
        "http_req_duration": {
            "avg": 3.4939126916744123,
            "min": 0.111353,
            "med": 3.0869605,
            "max": 24.513713,
            "p(90)": 6.2269033,
            "p(95)": 7.403400799999999,
            "thresholds": {
                "p(95)<1500": false
            }
        },
        "http_reqs": {
            "count": 831374,
            "rate": 13848.348348517948
        },
        "http_req_tls_handshaking": {
            "med": 0,
            "max": 0,
            "p(90)": 0,
            "p(95)": 0,
            "avg": 0,
            "min": 0
        },
        "http_req_receiving": {
            "med": 0.023658,
            "max": 4.820292,
            "p(90)": 0.042931,
            "p(95)": 0.050108,
            "avg": 0.02739105511237982,
            "min": 0.004153
        }
    },
    "setup_data": {
        "cookieHeader": "session_id=250bed19-d60e-4727-aa3d-4df48df2de43; auth_token=eyJhbGciOiJIUzI1NiIsInR5cCI6IkpXVCJ9.eyJ1c2VyX2lkIjoiMDE5ZWU5MWUtMTkyMy03NzMzLTkxNzEtZWY4ZjZkYTgyYTRlIiwiaXNzIjoicnBhLW1hcmtldC1pYW0iLCJleHAiOjE3ODIwMzQwNjgsImlhdCI6MTc4MjAzMjI2OH0.0GIftcUqw_oB-JbEDiO_0yvfAgBzcizIHiCT-FxToX4",
        "cookies": {
            "auth_token": [
                {
                    "Secure": false,
                    "MaxAge": 1800,
                    "Expires": -6795364578871,
                    "Name": "auth_token",
                    "Value": "eyJhbGciOiJIUzI1NiIsInR5cCI6IkpXVCJ9.eyJ1c2VyX2lkIjoiMDE5ZWU5MWUtMTkyMy03NzMzLTkxNzEtZWY4ZjZkYTgyYTRlIiwiaXNzIjoicnBhLW1hcmtldC1pYW0iLCJleHAiOjE3ODIwMzQwNjgsImlhdCI6MTc4MjAzMjI2OH0.0GIftcUqw_oB-JbEDiO_0yvfAgBzcizIHiCT-FxToX4",
                    "Domain": "",
                    "Path": "/",
                    "HTTPOnly": true
                }
            ],
            "session_id": [
                {
                    "Domain": "",
                    "Path": "/",
                    "HTTPOnly": true,
                    "Secure": false,
                    "MaxAge": 604800,
                    "Expires": -6795364578871,
                    "Name": "session_id",
                    "Value": "250bed19-d60e-4727-aa3d-4df48df2de43"
                }
            ]
        },
        "groupID": "019ee966-7ae2-768f-9cad-299b05f4feeb",
        "token": "eyJhbGciOiJIUzI1NiIsInR5cCI6IkpXVCJ9.eyJ1c2VyX2lkIjoiMDE5ZWU5MWUtMTkyMy03NzMzLTkxNzEtZWY4ZjZkYTgyYTRlIiwiaXNzIjoicnBhLW1hcmtldC1pYW0iLCJleHAiOjE3ODIwMzQwNjgsImlhdCI6MTc4MjAzMjI2OH0.0GIftcUqw_oB-JbEDiO_0yvfAgBzcizIHiCT-FxToX4"
    }
}