{
    "root_group": {
        "path": "",
        "id": "d41d8cd98f00b204e9800998ecf8427e",
        "groups": {},
        "checks": {
                "market_apps_list status": {
                    "name": "market_apps_list status",
                    "path": "::market_apps_list status",
                    "id": "9f79e1366fd6857d6a8f8c6c2ff256c6",
                    "passes": 137103,
                    "fails": 0
                }
            },
        "name": ""
    },
    "metrics": {
        "http_req_sending": {
            "p(95)": 0.028767899999999992,
            "avg": 0.016556707592102538,
            "min": 0.002472,
            "med": 0.014594,
            "max": 2.952943,
            "p(90)": 0.024398
        },
        "vus": {
            "value": 50,
            "min": 50,
            "max": 50
        },
        "http_reqs": {
            "count": 137103,
            "rate": 2283.779891381175
        },
        "data_received": {
            "count": 1935539938,
            "rate": 32241068.316299174
        },
        "http_req_receiving": {
            "avg": 0.29405547226537904,
            "min": 0.012704,
            "med": 0.089112,
            "max": 21.847111,
            "p(90)": 0.35837460000000015,
            "p(95)": 0.7889824999999995
        },
        "iteration_duration": {
            "avg": 21.87255439777379,
            "min": 1.983578,
            "med": 18.097122,
            "max": 140.685021,
            "p(90)": 32.230867800000006,
            "p(95)": 61.73988699999994
        },
        "http_req_tls_handshaking": {
            "p(90)": 0,
            "p(95)": 0,
            "avg": 0,
            "min": 0,
            "med": 0,
            "max": 0
        },
        "http_req_failed": {
            "passes": 0,
            "fails": 137103,
            "thresholds": {
                "rate<0.05": false
            },
            "value": 0
        },
        "http_req_duration{expected_response:true}": {
            "avg": 21.720297320277716,
            "min": 1.869944,
            "med": 17.944922,
            "max": 140.441501,
            "p(90)": 32.06748460000001,
            "p(95)": 61.59919189999997
        },
        "http_req_waiting": {
            "max": 139.592187,
            "p(90)": 31.608878400000012,
            "p(95)": 61.30715679999999,
            "avg": 21.409685140420287,
            "min": 1.789015,
            "med": 17.617784
        },
        "http_req_duration": {
            "med": 17.944922,
            "max": 140.441501,
            "p(90)": 32.06748460000001,
            "p(95)": 61.59919189999997,
            "avg": 21.720297320277716,
            "min": 1.869944,
            "thresholds": {
                "p(95)<1500": false
            }
        },
        "http_req_connecting": {
            "min": 0,
            "med": 0,
            "max": 0.600607,
            "p(90)": 0,
            "p(95)": 0,
            "avg": 0.00009173875115788861
        },
        "data_sent": {
            "count": 22404676,
            "rate": 373203.71196626197
        },
        "http_req_blocked": {
            "avg": 0.0048636761340014305,
            "min": 0.000569,
            "med": 0.003939,
            "max": 2.048426,
            "p(90)": 0.006205800000000003,
            "p(95)": 0.00713
        },
        "checks": {
            "passes": 137103,
            "fails": 0,
            "thresholds": {
                "rate>0.95": false
            },
            "value": 1
        },
        "vus_max": {
            "value": 50,
            "min": 50,
            "max": 50
        },
        "iterations": {
            "count": 137103,
            "rate": 2283.779891381175
        }
    }
}