{
    "root_group": {
        "name": "",
        "path": "",
        "id": "d41d8cd98f00b204e9800998ecf8427e",
        "groups": {
            "setup": {
                "name": "setup",
                "path": "::setup",
                "id": "5c0f8025f7e0b6654089e5b00e950f1a",
                "groups": {},
                "checks": {
                        "setup_login status": {
                            "name": "setup_login status",
                            "path": "::setup::setup_login status",
                            "id": "ec2704440794f5598d37961555e6c1a7",
                            "passes": 1,
                            "fails": 0
                        }
                    }
            }
        },
        "checks": {
            "iam_group_create status": {
                "fails": 162,
                "name": "iam_group_create status",
                "path": "::iam_group_create status",
                "id": "a424f2e1393d3f5742bc530c1dae88bf",
                "passes": 151455
            }
        }
    },
    "metrics": {
        "http_req_duration": {
            "med": 16.78564,
            "max": 294.58083,
            "p(90)": 32.2670956,
            "p(95)": 38.83940399999999,
            "avg": 19.588171971434736,
            "min": 6.30943,
            "thresholds": {
                "p(95)<1500": false
            }
        },
        "http_req_tls_handshaking": {
            "max": 0,
            "p(90)": 0,
            "p(95)": 0,
            "avg": 0,
            "min": 0,
            "med": 0
        },
        "http_req_blocked": {
            "p(95)": 0.006971,
            "avg": 0.00456616539592923,
            "min": 0.000548,
            "med": 0.003847,
            "max": 3.168527,
            "p(90)": 0.006115
        },
        "http_req_sending": {
            "med": 0.015366,
            "max": 5.958043,
            "p(90)": 0.025598300000000018,
            "p(95)": 0.030717,
            "avg": 0.018232076811460118,
            "min": 0.003299
        },
        "data_received": {
            "count": 61686485,
            "rate": 1026939.2553726394
        },
        "http_reqs": {
            "count": 151618,
            "rate": 2524.09382737708
        },
        "iteration_duration": {
            "med": 16.980814,
            "max": 294.709065,
            "p(90)": 32.468701599999996,
            "p(95)": 39.03042339999999,
            "avg": 19.779005725822312,
            "min": 6.458557
        },
        "http_req_connecting": {
            "min": 0,
            "med": 0,
            "max": 0.83882,
            "p(90)": 0,
            "p(95)": 0,
            "avg": 0.00006157753696790621
        },
        "vus_max": {
            "value": 50,
            "min": 50,
            "max": 50
        },
        "vus": {
            "value": 50,
            "min": 50,
            "max": 50
        },
        "checks": {
            "passes": 151456,
            "fails": 162,
            "thresholds": {
                "rate>0.95": false
            },
            "value": 0.9989315252806396
        },
        "http_req_failed": {
            "passes": 162,
            "fails": 151456,
            "thresholds": {
                "rate<0.05": false
            },
            "value": 0.001068474719360498
        },
        "http_req_duration{expected_response:true}": {
            "p(95)": 38.6989925,
            "avg": 19.54323643973822,
            "min": 6.30943,
            "med": 16.777141,
            "max": 294.58083,
            "p(90)": 32.2003545
        },
        "iterations": {
            "count": 151617,
            "rate": 2524.077179658291
        },
        "http_req_waiting": {
            "med": 16.711597,
            "max": 294.520973,
            "p(90)": 32.1910754,
            "p(95)": 38.76943569999999,
            "avg": 19.517561093121888,
            "min": 6.262717
        },
        "data_sent": {
            "count": 127951005,
            "rate": 2130092.350032278
        },
        "http_req_receiving": {
            "avg": 0.052378801501140625,
            "min": 0.00778,
            "med": 0.045228,
            "max": 4.449872,
            "p(90)": 0.078922,
            "p(95)": 0.09431744999999998
        }
    },
    "setup_data": {
        "cookieHeader": "auth_token=eyJhbGciOiJIUzI1NiIsInR5cCI6IkpXVCJ9.eyJ1c2VyX2lkIjoiMDE5ZWU5MWUtMTkyMy03NzMzLTkxNzEtZWY4ZjZkYTgyYTRlIiwiaXNzIjoicnBhLW1hcmtldC1pYW0iLCJleHAiOjE3ODIwMzQwMDUsImlhdCI6MTc4MjAzMjIwNX0.qC8VE06c7CzdU2RJpayeavUDMG1SXo1Zu1lgz8soGB0; session_id=eb2194dc-70ee-4cc0-9545-6f051c474d1b",
        "cookies": {
            "auth_token": [
                {
                    "MaxAge": 1800,
                    "Expires": -6795364578871,
                    "Name": "auth_token",
                    "Value": "eyJhbGciOiJIUzI1NiIsInR5cCI6IkpXVCJ9.eyJ1c2VyX2lkIjoiMDE5ZWU5MWUtMTkyMy03NzMzLTkxNzEtZWY4ZjZkYTgyYTRlIiwiaXNzIjoicnBhLW1hcmtldC1pYW0iLCJleHAiOjE3ODIwMzQwMDUsImlhdCI6MTc4MjAzMjIwNX0.qC8VE06c7CzdU2RJpayeavUDMG1SXo1Zu1lgz8soGB0",
                    "Domain": "",
                    "Path": "/",
                    "HTTPOnly": true,
                    "Secure": false
                }
            ],
            "session_id": [
                {
                    "Path": "/",
                    "HTTPOnly": true,
                    "Secure": false,
                    "MaxAge": 604800,
                    "Expires": -6795364578871,
                    "Name": "session_id",
                    "Value": "eb2194dc-70ee-4cc0-9545-6f051c474d1b",
                    "Domain": ""
                }
            ]
        },
        "token": "eyJhbGciOiJIUzI1NiIsInR5cCI6IkpXVCJ9.eyJ1c2VyX2lkIjoiMDE5ZWU5MWUtMTkyMy03NzMzLTkxNzEtZWY4ZjZkYTgyYTRlIiwiaXNzIjoicnBhLW1hcmtldC1pYW0iLCJleHAiOjE3ODIwMzQwMDUsImlhdCI6MTc4MjAzMjIwNX0.qC8VE06c7CzdU2RJpayeavUDMG1SXo1Zu1lgz8soGB0"
    }
}