{
    "metrics": {
        "http_req_tls_handshaking": {
            "min": 0,
            "med": 0,
            "max": 0,
            "p(90)": 0,
            "p(95)": 0,
            "avg": 0
        },
        "checks": {
            "passes": 288788,
            "fails": 1800,
            "thresholds": {
                "rate>0.95": false
            },
            "value": 0.9938056630005369
        },
        "data_received": {
            "rate": 1848279.5647302212,
            "count": 111030302
        },
        "data_sent": {
            "count": 216089313,
            "rate": 3597157.300125983
        },
        "vus_max": {
            "value": 50,
            "min": 50,
            "max": 50
        },
        "http_req_duration": {
            "med": 6.418604,
            "max": 275.823046,
            "p(90)": 22.1333778,
            "p(95)": 32.38465199999994,
            "avg": 10.196730434415846,
            "min": 0.3538,
            "thresholds": {
                "p(95)<1500": false
            }
        },
        "vus": {
            "value": 50,
            "min": 50,
            "max": 50
        },
        "http_req_waiting": {
            "min": 0.333813,
            "med": 6.3733395,
            "max": 275.773469,
            "p(90)": 22.090177300000004,
            "p(95)": 32.33773614999998,
            "avg": 10.151529297135484
        },
        "http_req_sending": {
            "med": 0.008309,
            "max": 5.577039,
            "p(90)": 0.013741300000000017,
            "p(95)": 0.016566,
            "avg": 0.010099864581468975,
            "min": 0.001974
        },
        "iterations": {
            "count": 290587,
            "rate": 4837.292200432462
        },
        "http_req_duration{expected_response:true}": {
            "max": 198.029157,
            "p(90)": 21.410787600000006,
            "p(95)": 30.66602754999992,
            "avg": 9.790495163743087,
            "min": 0.3538,
            "med": 6.3867365
        },
        "http_req_blocked": {
            "p(95)": 0.004701,
            "avg": 0.0029884292159346004,
            "min": 0.000493,
            "med": 0.00245,
            "max": 2.640575,
            "p(90)": 0.004034
        },
        "http_req_connecting": {
            "p(90)": 0,
            "p(95)": 0,
            "avg": 0.00005866897463074868,
            "min": 0,
            "med": 0,
            "max": 1.495675
        },
        "http_req_receiving": {
            "max": 6.726018,
            "p(90)": 0.050535,
            "p(95)": 0.060329,
            "avg": 0.03510127269880417,
            "min": 0.005528,
            "med": 0.029424
        },
        "iteration_duration": {
            "avg": 10.317705554980224,
            "min": 0.405246,
            "med": 6.53826,
            "max": 275.934859,
            "p(90)": 22.260435799999996,
            "p(95)": 32.5190735
        },
        "http_req_failed": {
            "passes": 1800,
            "fails": 288788,
            "thresholds": {
                "rate<0.05": false
            },
            "value": 0.006194336999463157
        },
        "http_reqs": {
            "count": 290588,
            "rate": 4837.308847055334
        }
    },
    "setup_data": {
        "cookieHeader": "auth_token=eyJhbGciOiJIUzI1NiIsInR5cCI6IkpXVCJ9.eyJ1c2VyX2lkIjoiMDE5ZWU5MWUtMTkyMy03NzMzLTkxNzEtZWY4ZjZkYTgyYTRlIiwiaXNzIjoicnBhLW1hcmtldC1pYW0iLCJleHAiOjE3ODIwMzM5NDIsImlhdCI6MTc4MjAzMjE0Mn0.N4tINOy2LKOyBE0wL3AP022mKtmNbok4fFWLQA6vovQ; session_id=a8358cb2-18bb-4e6e-b4b8-7b7c5154c21f",
        "cookies": {
            "auth_token": [
                {
                    "Name": "auth_token",
                    "Value": "eyJhbGciOiJIUzI1NiIsInR5cCI6IkpXVCJ9.eyJ1c2VyX2lkIjoiMDE5ZWU5MWUtMTkyMy03NzMzLTkxNzEtZWY4ZjZkYTgyYTRlIiwiaXNzIjoicnBhLW1hcmtldC1pYW0iLCJleHAiOjE3ODIwMzM5NDIsImlhdCI6MTc4MjAzMjE0Mn0.N4tINOy2LKOyBE0wL3AP022mKtmNbok4fFWLQA6vovQ",
                    "Domain": "",
                    "Path": "/",
                    "HTTPOnly": true,
                    "Secure": false,
                    "MaxAge": 1800,
                    "Expires": -6795364578871
                }
            ],
            "session_id": [
                {
                    "Domain": "",
                    "Path": "/",
                    "HTTPOnly": true,
                    "Secure": false,
                    "MaxAge": 604800,
                    "Expires": -6795364578871,
                    "Name": "session_id",
                    "Value": "a8358cb2-18bb-4e6e-b4b8-7b7c5154c21f"
                }
            ]
        },
        "token": "eyJhbGciOiJIUzI1NiIsInR5cCI6IkpXVCJ9.eyJ1c2VyX2lkIjoiMDE5ZWU5MWUtMTkyMy03NzMzLTkxNzEtZWY4ZjZkYTgyYTRlIiwiaXNzIjoicnBhLW1hcmtldC1pYW0iLCJleHAiOjE3ODIwMzM5NDIsImlhdCI6MTc4MjAzMjE0Mn0.N4tINOy2LKOyBE0wL3AP022mKtmNbok4fFWLQA6vovQ"
    },
    "root_group": {
        "name": "",
        "path": "",
        "id": "d41d8cd98f00b204e9800998ecf8427e",
        "groups": {
            "setup": {
                "checks": {
                    "setup_login status": {
                        "name": "setup_login status",
                        "path": "::setup::setup_login status",
                        "id": "ec2704440794f5598d37961555e6c1a7",
                        "passes": 1,
                        "fails": 0
                    }
                },
                "name": "setup",
                "path": "::setup",
                "id": "5c0f8025f7e0b6654089e5b00e950f1a",
                "groups": {}
            }
        },
        "checks": {
            "iam_groups_list status": {
                "name": "iam_groups_list status",
                "path": "::iam_groups_list status",
                "id": "0489bbe501afafa8f36bfa8d5de9c573",
                "passes": 288787,
                "fails": 1800
            }
        }
    }
}