{
    "metrics": {
        "checks": {
            "passes": 5816,
            "fails": 0,
            "thresholds": {
                "rate>0.95": false
            },
            "value": 1
        },
        "vus": {
            "value": 50,
            "min": 50,
            "max": 50
        },
        "http_reqs": {
            "rate": 96.62056019483717,
            "count": 5816
        },
        "http_req_duration{expected_response:true}": {
            "p(95)": 901.5285367500001,
            "avg": 517.060438060524,
            "min": 95.741594,
            "med": 442.82144800000003,
            "max": 1863.202158,
            "p(90)": 827.7081324999999
        },
        "http_req_sending": {
            "p(90)": 0.027935,
            "p(95)": 0.033613,
            "avg": 0.017909790061898172,
            "min": 0.002865,
            "med": 0.0148475,
            "max": 0.456808
        },
        "http_req_receiving": {
            "max": 1.264113,
            "p(90)": 0.0921585,
            "p(95)": 0.11244124999999999,
            "avg": 0.0550741349724897,
            "min": 0.008156,
            "med": 0.0463775
        },
        "iterations": {
            "count": 5816,
            "rate": 96.62056019483717
        },
        "http_req_connecting": {
            "avg": 0.0017390404057771671,
            "min": 0,
            "med": 0,
            "max": 0.447911,
            "p(90)": 0,
            "p(95)": 0
        },
        "http_req_waiting": {
            "p(95)": 901.351898,
            "avg": 516.9874541354866,
            "min": 95.678356,
            "med": 442.759718,
            "max": 1863.154574,
            "p(90)": 827.6544825000001
        },
        "data_received": {
            "count": 1592838,
            "rate": 26461.640278477313
        },
        "iteration_duration": {
            "min": 95.922112,
            "med": 442.9538765,
            "max": 1863.302582,
            "p(90)": 827.8407159999999,
            "p(95)": 901.9466525,
            "avg": 517.2382978229035
        },
        "http_req_blocked": {
            "min": 0.00066,
            "med": 0.0032545,
            "max": 1.485265,
            "p(90)": 0.0061814999999999995,
            "p(95)": 0.007535999999999999,
            "avg": 0.013457883768913308
        },
        "vus_max": {
            "value": 50,
            "min": 50,
            "max": 50
        },
        "http_req_tls_handshaking": {
            "max": 0,
            "p(90)": 0,
            "p(95)": 0,
            "avg": 0,
            "min": 0,
            "med": 0
        },
        "http_req_failed": {
            "passes": 0,
            "fails": 5816,
            "thresholds": {
                "rate<0.05": false
            },
            "value": 0
        },
        "data_sent": {
            "count": 1806538,
            "rate": 30011.814575870143
        },
        "http_req_duration": {
            "max": 1863.202158,
            "p(90)": 827.7081324999999,
            "p(95)": 901.5285367500001,
            "avg": 517.060438060524,
            "min": 95.741594,
            "med": 442.82144800000003,
            "thresholds": {
                "p(95)<1500": false
            }
        }
    },
    "root_group": {
        "name": "",
        "path": "",
        "id": "d41d8cd98f00b204e9800998ecf8427e",
        "groups": {},
        "checks": {
                "iam_register status": {
                    "name": "iam_register status",
                    "path": "::iam_register status",
                    "id": "ca7c9faf580fe10f890d8f9990ed2eb9",
                    "passes": 5816,
                    "fails": 0
                }
            }
    }
}