{
    "metrics": {
        "http_reqs": {
            "count": 6082,
            "rate": 100.85038739652512
        },
        "http_req_duration{expected_response:true}": {
            "min": 31.544849,
            "med": 434.19059200000004,
            "max": 1467.50925,
            "p(90)": 866.956912100001,
            "p(95)": 989.99149855,
            "avg": 494.3956538421572
        },
        "http_req_blocked": {
            "min": 0.000735,
            "med": 0.003176,
            "max": 1.027888,
            "p(90)": 0.006154800000000006,
            "p(95)": 0.007682649999999998,
            "avg": 0.009973725583689608
        },
        "http_req_tls_handshaking": {
            "max": 0,
            "p(90)": 0,
            "p(95)": 0,
            "avg": 0,
            "min": 0,
            "med": 0
        },
        "data_received": {
            "count": 5266509,
            "rate": 87328.09484993195
        },
        "iteration_duration": {
            "p(95)": 990.1740233499999,
            "avg": 494.582930580565,
            "min": 32.716914,
            "med": 434.361338,
            "max": 1467.742189,
            "p(90)": 867.1849210000012
        },
        "iterations": {
            "count": 6082,
            "rate": 100.85038739652512
        },
        "http_req_waiting": {
            "avg": 494.3192153511999,
            "min": 31.282472,
            "med": 434.141891,
            "max": 1467.437547,
            "p(90)": 866.8618389000011,
            "p(95)": 989.9314098499999
        },
        "vus": {
            "min": 50,
            "max": 50,
            "value": 50
        },
        "data_sent": {
            "count": 1459177,
            "rate": 24195.752339707225
        },
        "http_req_connecting": {
            "med": 0,
            "max": 0.336925,
            "p(90)": 0,
            "p(95)": 0,
            "avg": 0.0013466772443275238,
            "min": 0
        },
        "vus_max": {
            "value": 50,
            "min": 50,
            "max": 50
        },
        "http_req_sending": {
            "max": 0.3377,
            "p(90)": 0.02871340000000001,
            "p(95)": 0.0349566,
            "avg": 0.018113865833607384,
            "min": 0.003087,
            "med": 0.015511500000000001
        },
        "http_req_duration": {
            "p(90)": 866.956912100001,
            "p(95)": 989.99149855,
            "avg": 494.3956538421572,
            "min": 31.544849,
            "med": 434.19059200000004,
            "max": 1467.50925,
            "thresholds": {
                "p(95)<1500": false
            }
        },
        "http_req_failed": {
            "fails": 6082,
            "passes": 0,
            "thresholds": {
                "rate<0.05": false
            },
            "value": 0
        },
        "checks": {
            "passes": 6082,
            "fails": 0,
            "thresholds": {
                "rate>0.95": false
            },
            "value": 1
        },
        "http_req_receiving": {
            "max": 0.465042,
            "p(90)": 0.09394500000000003,
            "p(95)": 0.11133565,
            "avg": 0.058324625123314634,
            "min": 0.009394,
            "med": 0.051846
        }
    },
    "root_group": {
        "name": "",
        "path": "",
        "id": "d41d8cd98f00b204e9800998ecf8427e",
        "groups": {},
        "checks": {
                "iam_login status": {
                    "name": "iam_login status",
                    "path": "::iam_login status",
                    "id": "027f382f20360300f3948fad8747b531",
                    "passes": 6082,
                    "fails": 0
                }
            }
    }
}