{
    "root_group": {
        "name": "",
        "path": "",
        "id": "d41d8cd98f00b204e9800998ecf8427e",
        "groups": {
            "setup": {
                "name": "setup",
                "path": "::setup",
                "id": "5c0f8025f7e0b6654089e5b00e950f1a",
                "groups": {},
                "checks": {
                        "setup_login status": {
                            "name": "setup_login status",
                            "path": "::setup::setup_login status",
                            "id": "ec2704440794f5598d37961555e6c1a7",
                            "passes": 1,
                            "fails": 0
                        }
                    }
            }
        },
        "checks": {
            "iam_groups_list status": {
                "path": "::iam_groups_list status",
                "id": "0489bbe501afafa8f36bfa8d5de9c573",
                "passes": 0,
                "fails": 3976,
                "name": "iam_groups_list status"
            }
        }
    },
    "metrics": {
        "http_req_failed": {
            "passes": 3976,
            "fails": 1,
            "thresholds": {
                "rate<0.05": true
            },
            "value": 0.9997485541865728
        },
        "http_req_sending": {
            "avg": 0.006178371385466433,
            "min": 0.001637,
            "med": 0.005973,
            "max": 0.153058,
            "p(90)": 0.008573800000000001,
            "p(95)": 0.0092442
        },
        "http_req_blocked": {
            "avg": 0.0020730020115665012,
            "min": 0.000497,
            "med": 0.00186,
            "max": 0.723538,
            "p(90)": 0.0023934,
            "p(95)": 0.0027143999999999988
        },
        "iterations": {
            "rate": 3867.9937325115316,
            "count": 3976
        },
        "checks": {
            "passes": 1,
            "fails": 3976,
            "thresholds": {
                "rate>0.95": true
            },
            "value": 0.00025144581342720644
        },
        "iteration_duration": {
            "avg": 0.24662746428571383,
            "min": 0.068737,
            "med": 0.26374,
            "max": 1.785607,
            "p(90)": 0.3311145,
            "p(95)": 0.35231599999999996
        },
        "http_req_tls_handshaking": {
            "p(95)": 0,
            "avg": 0,
            "min": 0,
            "med": 0,
            "max": 0,
            "p(90)": 0
        },
        "http_reqs": {
            "count": 3977,
            "rate": 3868.966567957334
        },
        "http_req_duration{expected_response:true}": {
            "avg": 26.481697,
            "min": 26.481697,
            "med": 26.481697,
            "max": 26.481697,
            "p(90)": 26.481697,
            "p(95)": 26.481697
        },
        "data_sent": {
            "count": 1816178,
            "rate": 1766842.3342870544
        },
        "http_req_duration": {
            "p(90)": 0.2446336,
            "p(95)": 0.2595284,
            "avg": 0.18269969172743297,
            "min": 0.045518,
            "med": 0.189046,
            "max": 26.481697,
            "thresholds": {
                "p(95)<1500": false
            }
        },
        "vus_max": {
            "max": 1,
            "value": 1,
            "min": 1
        },
        "data_received": {
            "count": 1298814,
            "rate": 1263532.2967047868
        },
        "http_req_waiting": {
            "p(95)": 0.2231954,
            "avg": 0.15547356726175507,
            "min": 0.038567,
            "med": 0.16034,
            "max": 26.346367,
            "p(90)": 0.20935600000000001
        },
        "http_req_connecting": {
            "avg": 0.00007955720392255469,
            "min": 0,
            "med": 0,
            "max": 0.184238,
            "p(90)": 0,
            "p(95)": 0
        },
        "http_req_receiving": {
            "p(95)": 0.031586199999999995,
            "avg": 0.021047753080211232,
            "min": 0.003939,
            "med": 0.021337,
            "max": 0.234131,
            "p(90)": 0.0287494
        },
        "vus": {
            "value": 1,
            "min": 1,
            "max": 1
        }
    },
    "setup_data": {
        "cookies": {
            "session_id": [
                {
                    "MaxAge": 604800,
                    "Expires": -6795364578871,
                    "Name": "session_id",
                    "Value": "43a1f50b-19c0-4720-8e6f-53e41fa3bb10",
                    "Domain": "",
                    "Path": "/",
                    "HTTPOnly": true,
                    "Secure": false
                }
            ],
            "auth_token": [
                {
                    "HTTPOnly": true,
                    "Secure": false,
                    "MaxAge": 1800,
                    "Expires": -6795364578871,
                    "Name": "auth_token",
                    "Value": "eyJhbGciOiJIUzI1NiIsInR5cCI6IkpXVCJ9.eyJ1c2VyX2lkIjoiMDE5ZWU5MWUtMTkyMy03NzMzLTkxNzEtZWY4ZjZkYTgyYTRlIiwiaXNzIjoicnBhLW1hcmtldC1pYW0iLCJleHAiOjE3ODIwMzMzNDgsImlhdCI6MTc4MjAzMTU0OH0.G0l9lPrZdicpDtRCsC9F0UkhVp80YGyxXoBeABqVfXU",
                    "Domain": "",
                    "Path": "/"
                }
            ]
        },
        "token": "eyJhbGciOiJIUzI1NiIsInR5cCI6IkpXVCJ9.eyJ1c2VyX2lkIjoiMDE5ZWU5MWUtMTkyMy03NzMzLTkxNzEtZWY4ZjZkYTgyYTRlIiwiaXNzIjoicnBhLW1hcmtldC1pYW0iLCJleHAiOjE3ODIwMzMzNDgsImlhdCI6MTc4MjAzMTU0OH0.G0l9lPrZdicpDtRCsC9F0UkhVp80YGyxXoBeABqVfXU"
    }
}