{
    "metrics": {
        "http_req_duration{expected_response:true}": {
            "min": 0.58784,
            "med": 14.306713000000002,
            "max": 24.955286,
            "p(90)": 24.9537164,
            "p(95)": 24.9545012,
            "avg": 13.539138000000001
        },
        "http_req_waiting": {
            "avg": 13.44348,
            "min": 0.523545,
            "med": 14.204317999999999,
            "max": 24.841739,
            "p(90)": 24.8292098,
            "p(95)": 24.8354744
        },
        "http_req_failed": {
            "passes": 0,
            "fails": 4,
            "thresholds": {
                "rate<0.10": false
            },
            "value": 0
        },
        "http_req_sending": {
            "max": 0.050743,
            "p(90)": 0.04352560000000001,
            "p(95)": 0.04713429999999999,
            "avg": 0.024513249999999997,
            "min": 0.006947,
            "med": 0.020181499999999998
        },
        "iterations": {
            "count": 1,
            "rate": 18.050582895740572
        },
        "http_req_blocked": {
            "avg": 0.12993725,
            "min": 0.002125,
            "med": 0.0053475,
            "max": 0.506929,
            "p(90)": 0.3568039000000001,
            "p(95)": 0.43186644999999985
        },
        "http_req_tls_handshaking": {
            "avg": 0,
            "min": 0,
            "med": 0,
            "max": 0,
            "p(90)": 0,
            "p(95)": 0
        },
        "http_req_receiving": {
            "med": 0.072105,
            "max": 0.099336,
            "p(90)": 0.09559379999999999,
            "p(95)": 0.0974649,
            "avg": 0.07114474999999999,
            "min": 0.041033
        },
        "data_sent": {
            "count": 1476,
            "rate": 26642.660354113086
        },
        "http_req_connecting": {
            "max": 0.143577,
            "p(90)": 0.10050390000000003,
            "p(95)": 0.12204044999999995,
            "avg": 0.03589425,
            "min": 0,
            "med": 0
        },
        "iteration_duration": {
            "p(90)": 55.320538,
            "p(95)": 55.320538,
            "avg": 55.320538,
            "min": 55.320538,
            "med": 55.320538,
            "max": 55.320538
        },
        "http_req_duration": {
            "p(95)": 24.9545012,
            "avg": 13.539138000000001,
            "min": 0.58784,
            "med": 14.306713000000002,
            "max": 24.955286,
            "p(90)": 24.9537164
        },
        "data_received": {
            "count": 3076,
            "rate": 55523.592987298
        },
        "http_reqs": {
            "count": 4,
            "rate": 72.20233158296229
        },
        "checks": {
            "passes": 4,
            "fails": 0,
            "thresholds": {
                "rate>0.90": false
            },
            "value": 1
        }
    },
    "root_group": {
        "id": "d41d8cd98f00b204e9800998ecf8427e",
        "groups": {},
        "checks": {
                "smoke_iam_register status": {
                    "id": "4ca2bdb5e62ceba77c9cb500cb2fc7cf",
                    "passes": 1,
                    "fails": 0,
                    "name": "smoke_iam_register status",
                    "path": "::smoke_iam_register status"
                },
                "smoke_iam_login status": {
                    "id": "1a44a84470909fa07a48590a6f772534",
                    "passes": 1,
                    "fails": 0,
                    "name": "smoke_iam_login status",
                    "path": "::smoke_iam_login status"
                },
                "smoke_market_apps_list status": {
                    "name": "smoke_market_apps_list status",
                    "path": "::smoke_market_apps_list status",
                    "id": "99e09a1045f9e0e071826d6b090a3a31",
                    "passes": 1,
                    "fails": 0
                },
                "smoke_market_rank_daily status": {
                    "name": "smoke_market_rank_daily status",
                    "path": "::smoke_market_rank_daily status",
                    "id": "bd24a43470f365ba8012fe8882f4f27c",
                    "passes": 1,
                    "fails": 0
                }
            },
        "name": "",
        "path": ""
    }
}