{
    "metrics": {
        "http_req_duration": {
            "avg": 49.765004782868466,
            "min": 21.006218,
            "med": 47.6047905,
            "max": 113.409917,
            "p(90)": 67.6311412,
            "p(95)": 73.73219044999998,
            "thresholds": {
                "p(95)<1500": false
            }
        },
        "http_reqs": {
            "count": 1004,
            "rate": 100.0336077850614
        },
        "http_req_waiting": {
            "avg": 49.6871738575697,
            "min": 20.955011,
            "med": 47.521583500000006,
            "max": 113.314215,
            "p(90)": 67.54968600000001,
            "p(95)": 73.66451194999999
        },
        "vus": {
            "value": 5,
            "min": 5,
            "max": 5
        },
        "vus_max": {
            "max": 5,
            "value": 5,
            "min": 5
        },
        "data_received": {
            "count": 868914,
            "rate": 86574.30505472994
        },
        "checks": {
            "passes": 1004,
            "fails": 0,
            "thresholds": {
                "rate>0.95": false
            },
            "value": 1
        },
        "iteration_duration": {
            "p(90)": 67.7876269,
            "p(95)": 73.87020579999998,
            "avg": 49.93446484960162,
            "min": 21.131578,
            "med": 47.741627,
            "max": 113.642777
        },
        "http_req_blocked": {
            "min": 0.000787,
            "med": 0.003012,
            "max": 0.656522,
            "p(90)": 0.0052571,
            "p(95)": 0.006912,
            "avg": 0.006533636454183269
        },
        "http_req_receiving": {
            "max": 0.347342,
            "p(90)": 0.0902147,
            "p(95)": 0.1039504,
            "avg": 0.060452698207171265,
            "min": 0.012628,
            "med": 0.05688
        },
        "http_req_duration{expected_response:true}": {
            "p(95)": 73.73219044999998,
            "avg": 49.765004782868466,
            "min": 21.006218,
            "med": 47.6047905,
            "max": 113.409917,
            "p(90)": 67.6311412
        },
        "iterations": {
            "count": 1004,
            "rate": 100.0336077850614
        },
        "http_req_sending": {
            "max": 0.559182,
            "p(90)": 0.024912700000000003,
            "p(95)": 0.032399449999999996,
            "avg": 0.01737822709163347,
            "min": 0.003599,
            "med": 0.0140945
        },
        "data_sent": {
            "count": 240410,
            "rate": 23953.26658128149
        },
        "http_req_failed": {
            "passes": 0,
            "fails": 1004,
            "thresholds": {
                "rate<0.05": false
            },
            "value": 0
        },
        "http_req_connecting": {
            "p(95)": 0,
            "avg": 0.0009391663346613546,
            "min": 0,
            "med": 0,
            "max": 0.250975,
            "p(90)": 0
        },
        "http_req_tls_handshaking": {
            "p(95)": 0,
            "avg": 0,
            "min": 0,
            "med": 0,
            "max": 0,
            "p(90)": 0
        }
    },
    "root_group": {
        "name": "",
        "path": "",
        "id": "d41d8cd98f00b204e9800998ecf8427e",
        "groups": {},
        "checks": {
                "iam_login status": {
                    "name": "iam_login status",
                    "path": "::iam_login status",
                    "id": "027f382f20360300f3948fad8747b531",
                    "passes": 1004,
                    "fails": 0
                }
            }
    }
}