{
    "root_group": {
        "name": "",
        "path": "",
        "id": "d41d8cd98f00b204e9800998ecf8427e",
        "groups": {
            "setup": {
                "name": "setup",
                "path": "::setup",
                "id": "5c0f8025f7e0b6654089e5b00e950f1a",
                "groups": {},
                "checks": {
                        "setup_login status": {
                            "name": "setup_login status",
                            "path": "::setup::setup_login status",
                            "id": "ec2704440794f5598d37961555e6c1a7",
                            "passes": 1,
                            "fails": 0
                        },
                        "market_app_create_seed status": {
                            "name": "market_app_create_seed status",
                            "path": "::setup::market_app_create_seed status",
                            "id": "d85950b5e57cb8ab2f0fbb39bea73cd7",
                            "passes": 0,
                            "fails": 1
                        }
                    }
            }
        },
        "checks": {
            "market_app_update status": {
                "path": "::market_app_update status",
                "id": "eba7a8cb5fe042077f2d55bc249ffa7e",
                "passes": 0,
                "fails": 165136,
                "name": "market_app_update status"
            }
        }
    },
    "metrics": {
        "data_sent": {
            "rate": 10233615.301392496,
            "count": 102605490
        },
        "iteration_duration": {
            "p(95)": 0.49576925,
            "avg": 0.29780207639157585,
            "min": 0.07768,
            "med": 0.27503299999999997,
            "max": 10.275395,
            "p(90)": 0.42728
        },
        "vus_max": {
            "value": 5,
            "min": 5,
            "max": 5
        },
        "http_req_duration{expected_response:true}": {
            "p(95)": 23.490054,
            "avg": 23.490054,
            "min": 23.490054,
            "med": 23.490054,
            "max": 23.490054,
            "p(90)": 23.490054
        },
        "iterations": {
            "count": 165136,
            "rate": 16470.252190314095
        },
        "http_req_receiving": {
            "avg": 0.0179918296818418,
            "min": 0.003558,
            "med": 0.016313,
            "max": 3.053567,
            "p(90)": 0.028774300000000017,
            "p(95)": 0.03366259999999997
        },
        "http_reqs": {
            "count": 165138,
            "rate": 16470.451665318822
        },
        "http_req_tls_handshaking": {
            "med": 0,
            "max": 0,
            "p(90)": 0,
            "p(95)": 0,
            "avg": 0,
            "min": 0
        },
        "http_req_duration": {
            "max": 23.490054,
            "p(90)": 0.3268921000000003,
            "p(95)": 0.3870953999999999,
            "avg": 0.22000543369182782,
            "min": 0.046561,
            "med": 0.198784,
            "thresholds": {
                "p(95)<1500": false
            }
        },
        "http_req_waiting": {
            "avg": 0.19482269848853714,
            "min": 0.037856,
            "med": 0.1741105,
            "max": 23.328104,
            "p(90)": 0.29469860000000003,
            "p(95)": 0.35187904999999986
        },
        "data_received": {
            "count": 54880437,
            "rate": 5473637.715002451
        },
        "http_req_blocked": {
            "min": 0.00042,
            "med": 0.001726,
            "max": 1.275244,
            "p(90)": 0.002814,
            "p(95)": 0.003257,
            "avg": 0.0018460466700577968
        },
        "http_req_connecting": {
            "p(90)": 0,
            "p(95)": 0,
            "avg": 0.000005063316741149827,
            "min": 0,
            "med": 0,
            "max": 0.314033
        },
        "vus": {
            "max": 5,
            "value": 5,
            "min": 5
        },
        "checks": {
            "passes": 1,
            "fails": 165137,
            "thresholds": {
                "rate>0.95": true
            },
            "value": 0.000006055541425958895
        },
        "http_req_failed": {
            "passes": 165137,
            "fails": 1,
            "thresholds": {
                "rate<0.05": true
            },
            "value": 0.999993944458574
        },
        "http_req_sending": {
            "avg": 0.0071909055214427475,
            "min": 0.001905,
            "med": 0.00669,
            "max": 2.233983,
            "p(90)": 0.011178,
            "p(95)": 0.013238
        }
    },
    "setup_data": {
        "appID": null,
        "cookies": {
            "auth_token": [
                {
                    "Name": "auth_token",
                    "Value": "eyJhbGciOiJIUzI1NiIsInR5cCI6IkpXVCJ9.eyJ1c2VyX2lkIjoiMDE5ZWU5MWUtMTkyMy03NzMzLTkxNzEtZWY4ZjZkYTgyYTRlIiwiaXNzIjoicnBhLW1hcmtldC1pYW0iLCJleHAiOjE3ODIwMzM1MTYsImlhdCI6MTc4MjAzMTcxNn0.IzLU8jyV0Yx6BbH5PQ89UKcg0HB6xeKFLlv1ttQrN_k",
                    "Domain": "",
                    "Path": "/",
                    "HTTPOnly": true,
                    "Secure": false,
                    "MaxAge": 1800,
                    "Expires": -6795364578871
                }
            ],
            "session_id": [
                {
                    "MaxAge": 604800,
                    "Expires": -6795364578871,
                    "Name": "session_id",
                    "Value": "5586f767-988c-41db-81ff-d3301f8568bd",
                    "Domain": "",
                    "Path": "/",
                    "HTTPOnly": true,
                    "Secure": false
                }
            ]
        },
        "token": "eyJhbGciOiJIUzI1NiIsInR5cCI6IkpXVCJ9.eyJ1c2VyX2lkIjoiMDE5ZWU5MWUtMTkyMy03NzMzLTkxNzEtZWY4ZjZkYTgyYTRlIiwiaXNzIjoicnBhLW1hcmtldC1pYW0iLCJleHAiOjE3ODIwMzM1MTYsImlhdCI6MTc4MjAzMTcxNn0.IzLU8jyV0Yx6BbH5PQ89UKcg0HB6xeKFLlv1ttQrN_k"
    }
}