{
    "root_group": {
        "groups": {
            "setup": {
                "id": "5c0f8025f7e0b6654089e5b00e950f1a",
                "groups": {},
                "checks": {
                        "setup_login status": {
                            "path": "::setup::setup_login status",
                            "id": "ec2704440794f5598d37961555e6c1a7",
                            "passes": 1,
                            "fails": 0,
                            "name": "setup_login status"
                        }
                    },
                "name": "setup",
                "path": "::setup"
            }
        },
        "checks": {
            "market_app_publish status": {
                "name": "market_app_publish status",
                "path": "::market_app_publish status",
                "id": "8ce0719a6517c07d40466f3520bfbb5e",
                "passes": 0,
                "fails": 175370
            }
        },
        "name": "",
        "path": "",
        "id": "d41d8cd98f00b204e9800998ecf8427e"
    },
    "metrics": {
        "iteration_duration": {
            "avg": 0.280644706032958,
            "min": 0.083682,
            "med": 0.26402,
            "max": 6.224842,
            "p(90)": 0.3755913,
            "p(95)": 0.44425934999999983
        },
        "http_req_connecting": {
            "min": 0,
            "med": 0,
            "max": 0.330576,
            "p(90)": 0,
            "p(95)": 0,
            "avg": 0.00000548993847329376
        },
        "vus": {
            "value": 5,
            "min": 5,
            "max": 5
        },
        "vus_max": {
            "value": 5,
            "min": 5,
            "max": 5
        },
        "http_req_failed": {
            "passes": 175370,
            "fails": 1,
            "thresholds": {
                "rate<0.05": true
            },
            "value": 0.9999942978029435
        },
        "checks": {
            "passes": 1,
            "fails": 175370,
            "thresholds": {
                "rate>0.95": true
            },
            "value": 0.000005702197056525879
        },
        "http_req_receiving": {
            "p(95)": 0.026174,
            "avg": 0.015899045463617346,
            "min": 0.00368,
            "med": 0.015056,
            "max": 2.962278,
            "p(90)": 0.023306
        },
        "data_sent": {
            "count": 254766036,
            "rate": 25415166.597754214
        },
        "http_reqs": {
            "count": 175371,
            "rate": 17494.809164494574
        },
        "http_req_waiting": {
            "max": 21.568369,
            "p(90)": 0.254726,
            "p(95)": 0.306535,
            "avg": 0.17602712753534,
            "min": 0.040176,
            "med": 0.159411
        },
        "http_req_tls_handshaking": {
            "p(95)": 0,
            "avg": 0,
            "min": 0,
            "med": 0,
            "max": 0,
            "p(90)": 0
        },
        "iterations": {
            "count": 175370,
            "rate": 17494.70940564525
        },
        "http_req_duration": {
            "avg": 0.19862530160630834,
            "min": 0.048577,
            "med": 0.182155,
            "max": 21.711761,
            "p(90)": 0.280416,
            "p(95)": 0.33618000000000003,
            "thresholds": {
                "p(95)<1500": false
            }
        },
        "data_received": {
            "count": 58638732,
            "rate": 5849732.430036558
        },
        "http_req_sending": {
            "max": 1.008752,
            "p(90)": 0.009658,
            "p(95)": 0.0112405,
            "avg": 0.00669912860735248,
            "min": 0.002078,
            "med": 0.006431
        },
        "http_req_duration{expected_response:true}": {
            "max": 21.711761,
            "p(90)": 21.711761,
            "p(95)": 21.711761,
            "avg": 21.711761,
            "min": 21.711761,
            "med": 21.711761
        },
        "http_req_blocked": {
            "avg": 0.0017168651772527738,
            "min": 0.000445,
            "med": 0.001631,
            "max": 2.331294,
            "p(90)": 0.002427,
            "p(95)": 0.002718
        }
    },
    "setup_data": {
        "cookies": {
            "session_id": [
                {
                    "Path": "/",
                    "HTTPOnly": true,
                    "Secure": false,
                    "MaxAge": 604800,
                    "Expires": -6795364578871,
                    "Name": "session_id",
                    "Value": "91d15367-79f5-4791-b40b-eb102264900d",
                    "Domain": ""
                }
            ],
            "auth_token": [
                {
                    "Value": "eyJhbGciOiJIUzI1NiIsInR5cCI6IkpXVCJ9.eyJ1c2VyX2lkIjoiMDE5ZWU5MWUtMTkyMy03NzMzLTkxNzEtZWY4ZjZkYTgyYTRlIiwiaXNzIjoicnBhLW1hcmtldC1pYW0iLCJleHAiOjE3ODIwMzM0NzksImlhdCI6MTc4MjAzMTY3OX0.mIfsLsj0VHnOHyfXP2Va-tsuqnI6tZ96YPb41e-S6UM",
                    "Domain": "",
                    "Path": "/",
                    "HTTPOnly": true,
                    "Secure": false,
                    "MaxAge": 1800,
                    "Expires": -6795364578871,
                    "Name": "auth_token"
                }
            ]
        },
        "token": "eyJhbGciOiJIUzI1NiIsInR5cCI6IkpXVCJ9.eyJ1c2VyX2lkIjoiMDE5ZWU5MWUtMTkyMy03NzMzLTkxNzEtZWY4ZjZkYTgyYTRlIiwiaXNzIjoicnBhLW1hcmtldC1pYW0iLCJleHAiOjE3ODIwMzM0NzksImlhdCI6MTc4MjAzMTY3OX0.mIfsLsj0VHnOHyfXP2Va-tsuqnI6tZ96YPb41e-S6UM"
    }
}