{
    "root_group": {
        "path": "",
        "id": "d41d8cd98f00b204e9800998ecf8427e",
        "groups": {
            "setup": {
                "name": "setup",
                "path": "::setup",
                "id": "5c0f8025f7e0b6654089e5b00e950f1a",
                "groups": {},
                "checks": {
                        "setup_login status": {
                            "fails": 0,
                            "name": "setup_login status",
                            "path": "::setup::setup_login status",
                            "id": "ec2704440794f5598d37961555e6c1a7",
                            "passes": 1
                        },
                        "iam_group_create_seed status": {
                            "name": "iam_group_create_seed status",
                            "path": "::setup::iam_group_create_seed status",
                            "id": "3bb63f3cf774d33ab14eab88aa1ffeb3",
                            "passes": 0,
                            "fails": 1
                        }
                    }
            }
        },
        "checks": {
            "iam_group_detail status": {
                "name": "iam_group_detail status",
                "path": "::iam_group_detail status",
                "id": "0c1f95dda5f33579df06bb5f8ef054a7",
                "passes": 0,
                "fails": 201934
            }
        },
        "name": ""
    },
    "metrics": {
        "http_req_sending": {
            "p(90)": 0.006758,
            "p(95)": 0.007891,
            "avg": 0.004630032955985933,
            "min": 0.001426,
            "med": 0.004363,
            "max": 0.616607
        },
        "iteration_duration": {
            "med": 0.2281285,
            "max": 8.458484,
            "p(90)": 0.3363087,
            "p(95)": 0.39256799999999953,
            "avg": 0.24346906852734537,
            "min": 0.06461
        },
        "http_req_duration{expected_response:true}": {
            "p(90)": 18.336502,
            "p(95)": 18.336502,
            "avg": 18.336502,
            "min": 18.336502,
            "med": 18.336502,
            "max": 18.336502
        },
        "http_req_blocked": {
            "avg": 0.0015204754674748135,
            "min": 0.000413,
            "med": 0.001431,
            "max": 1.165866,
            "p(90)": 0.002229,
            "p(95)": 0.002495
        },
        "http_req_tls_handshaking": {
            "min": 0,
            "med": 0,
            "max": 0,
            "p(90)": 0,
            "p(95)": 0,
            "avg": 0
        },
        "checks": {
            "fails": 201935,
            "passes": 1,
            "thresholds": {
                "rate>0.95": true
            },
            "value": 0.000004952064020283654
        },
        "http_req_duration": {
            "avg": 0.18714680106072762,
            "min": 0.043011,
            "med": 0.170787,
            "max": 18.336502,
            "p(90)": 0.270481,
            "p(95)": 0.32047725,
            "thresholds": {
                "p(95)<1500": false
            }
        },
        "vus_max": {
            "max": 5,
            "value": 5,
            "min": 5
        },
        "data_received": {
            "count": 66730301,
            "rate": 6659181.5388813745
        },
        "iterations": {
            "rate": 20151.492571155515,
            "count": 201934
        },
        "http_req_receiving": {
            "p(90)": 0.022353,
            "p(95)": 0.0251935,
            "avg": 0.01443736599714772,
            "min": 0.003371,
            "med": 0.013765,
            "max": 1.152413
        },
        "data_sent": {
            "count": 93642956,
            "rate": 9344861.846816499
        },
        "http_req_failed": {
            "passes": 201935,
            "fails": 1,
            "thresholds": {
                "rate<0.05": true
            },
            "value": 0.9999950479359797
        },
        "http_req_waiting": {
            "p(90)": 0.248628,
            "p(95)": 0.296457,
            "avg": 0.1680794021076002,
            "min": 0.037358,
            "med": 0.151293,
            "max": 18.077774
        },
        "http_reqs": {
            "count": 201936,
            "rate": 20151.692156094865
        },
        "vus": {
            "value": 5,
            "min": 5,
            "max": 5
        },
        "http_req_connecting": {
            "max": 0.254814,
            "p(90)": 0,
            "p(95)": 0,
            "avg": 0.000004136969138737025,
            "min": 0,
            "med": 0
        }
    },
    "setup_data": {
        "cookies": {
            "auth_token": [
                {
                    "Value": "eyJhbGciOiJIUzI1NiIsInR5cCI6IkpXVCJ9.eyJ1c2VyX2lkIjoiMDE5ZWU5MWUtMTkyMy03NzMzLTkxNzEtZWY4ZjZkYTgyYTRlIiwiaXNzIjoicnBhLW1hcmtldC1pYW0iLCJleHAiOjE3ODIwMzMzNjMsImlhdCI6MTc4MjAzMTU2M30.X4_YjE4Sy0rMYuoWJBLsEtOEdeCTwzYT90QH-AVYElc",
                    "Domain": "",
                    "Path": "/",
                    "HTTPOnly": true,
                    "Secure": false,
                    "MaxAge": 1800,
                    "Expires": -6795364578871,
                    "Name": "auth_token"
                }
            ],
            "session_id": [
                {
                    "MaxAge": 604800,
                    "Expires": -6795364578871,
                    "Name": "session_id",
                    "Value": "f3d8bef7-ed8f-410c-a338-c06745a61cc5",
                    "Domain": "",
                    "Path": "/",
                    "HTTPOnly": true,
                    "Secure": false
                }
            ]
        },
        "groupID": null,
        "token": "eyJhbGciOiJIUzI1NiIsInR5cCI6IkpXVCJ9.eyJ1c2VyX2lkIjoiMDE5ZWU5MWUtMTkyMy03NzMzLTkxNzEtZWY4ZjZkYTgyYTRlIiwiaXNzIjoicnBhLW1hcmtldC1pYW0iLCJleHAiOjE3ODIwMzMzNjMsImlhdCI6MTc4MjAzMTU2M30.X4_YjE4Sy0rMYuoWJBLsEtOEdeCTwzYT90QH-AVYElc"
    }
}