{
    "root_group": {
        "name": "",
        "path": "",
        "id": "d41d8cd98f00b204e9800998ecf8427e",
        "groups": {},
        "checks": {
                "market_rank_weekly status": {
                    "name": "market_rank_weekly status",
                    "path": "::market_rank_weekly status",
                    "id": "c3de36116cf7dd3d33aaa6866898dcb7",
                    "passes": 96595,
                    "fails": 0
                }
            }
    },
    "metrics": {
        "http_req_tls_handshaking": {
            "avg": 0,
            "min": 0,
            "med": 0,
            "max": 0,
            "p(90)": 0,
            "p(95)": 0
        },
        "iterations": {
            "count": 96595,
            "rate": 9659.007399315742
        },
        "http_req_failed": {
            "passes": 0,
            "fails": 96595,
            "thresholds": {
                "rate<0.05": false
            },
            "value": 0
        },
        "http_req_duration{expected_response:true}": {
            "max": 3.296917,
            "p(90)": 0.6719452,
            "p(95)": 0.8275781000000001,
            "avg": 0.4610464486878173,
            "min": 0.123809,
            "med": 0.422207
        },
        "http_req_waiting": {
            "p(95)": 0.7986976,
            "avg": 0.4363717843263083,
            "min": 0.114629,
            "med": 0.397089,
            "max": 3.233863,
            "p(90)": 0.6430412
        },
        "http_req_sending": {
            "p(95)": 0.009074,
            "avg": 0.005186658822920404,
            "min": 0.001289,
            "med": 0.004844,
            "max": 0.267999,
            "p(90)": 0.00776
        },
        "http_req_duration": {
            "p(95)": 0.8275781000000001,
            "avg": 0.4610464486878173,
            "min": 0.123809,
            "med": 0.422207,
            "max": 3.296917,
            "p(90)": 0.6719452,
            "thresholds": {
                "p(95)<1500": false
            }
        },
        "http_reqs": {
            "rate": 9659.007399315742,
            "count": 96595
        },
        "checks": {
            "passes": 96595,
            "fails": 0,
            "thresholds": {
                "rate>0.95": false
            },
            "value": 1
        },
        "http_req_connecting": {
            "p(90)": 0,
            "p(95)": 0,
            "avg": 0.00000959274289559501,
            "min": 0,
            "med": 0,
            "max": 0.221118
        },
        "vus": {
            "value": 5,
            "min": 5,
            "max": 5
        },
        "http_req_receiving": {
            "min": 0.003757,
            "med": 0.018604,
            "max": 1.731721,
            "p(90)": 0.029694600000000005,
            "p(95)": 0.0329213,
            "avg": 0.01948800553858885
        },
        "data_sent": {
            "count": 16462195,
            "rate": 1646135.5485685451
        },
        "iteration_duration": {
            "p(90)": 0.7329716000000001,
            "p(95)": 0.8898317000000001,
            "avg": 0.512919754842382,
            "min": 0.153287,
            "med": 0.475068,
            "max": 3.554653
        },
        "vus_max": {
            "value": 5,
            "min": 5,
            "max": 5
        },
        "http_req_blocked": {
            "min": 0.000384,
            "med": 0.00158,
            "max": 0.957891,
            "p(90)": 0.002413,
            "p(95)": 0.002701,
            "avg": 0.0017355767068689034
        },
        "data_received": {
            "count": 242301305,
            "rate": 24228894.84816875
        }
    }
}