{
    "setup_data": {
        "appID": "e4adbe23-08ea-4199-b6c9-2b16c54fdb60",
        "cookies": {}
    },
    "root_group": {
        "groups": {
            "setup": {
                "groups": {},
                "checks": {
                        "market_app_create_seed status": {
                            "name": "market_app_create_seed status",
                            "path": "::setup::market_app_create_seed status",
                            "id": "d85950b5e57cb8ab2f0fbb39bea73cd7",
                            "passes": 1,
                            "fails": 0
                        }
                    },
                "name": "setup",
                "path": "::setup",
                "id": "5c0f8025f7e0b6654089e5b00e950f1a"
            }
        },
        "checks": {
            "market_app_download status": {
                "fails": 0,
                "name": "market_app_download status",
                "path": "::market_app_download status",
                "id": "456734c134e0667f092e19c014d5b24d",
                "passes": 301
            }
        },
        "name": "",
        "path": "",
        "id": "d41d8cd98f00b204e9800998ecf8427e"
    },
    "metrics": {
        "http_req_receiving": {
            "avg": 0.05680752980132451,
            "min": 0.033014,
            "med": 0.056806499999999996,
            "max": 0.173177,
            "p(90)": 0.0708791,
            "p(95)": 0.07982634999999999
        },
        "http_req_sending": {
            "med": 0.016080499999999998,
            "max": 0.21826,
            "p(90)": 0.040226800000000035,
            "p(95)": 0.048846299999999995,
            "avg": 0.01991870860927153,
            "min": 0.009436
        },
        "http_req_waiting": {
            "min": 2.382491,
            "med": 2.9779695000000004,
            "max": 16.64738,
            "p(90)": 3.2916335,
            "p(95)": 3.39566075,
            "avg": 3.05914753642384
        },
        "iteration_duration": {
            "p(95)": 3.713021,
            "avg": 3.290514634551495,
            "min": 2.629517,
            "med": 3.25255,
            "max": 7.782432,
            "p(90)": 3.602954
        },
        "http_reqs": {
            "count": 302,
            "rate": 20.105167066548677
        },
        "http_req_tls_handshaking": {
            "avg": 0,
            "min": 0,
            "med": 0,
            "max": 0,
            "p(90)": 0,
            "p(95)": 0
        },
        "iterations": {
            "rate": 20.038593665666063,
            "count": 301
        },
        "http_req_duration{expected_response:true}": {
            "avg": 3.135873774834437,
            "min": 2.462737,
            "med": 3.0650965,
            "max": 16.804949,
            "p(90)": 3.3686693,
            "p(95)": 3.4669663
        },
        "http_req_duration": {
            "avg": 3.135873774834437,
            "min": 2.462737,
            "med": 3.0650965,
            "max": 16.804949,
            "p(90)": 3.3686693,
            "p(95)": 3.4669663,
            "thresholds": {
                "p(95)<1500": false
            }
        },
        "http_req_connecting": {
            "p(95)": 0.188458,
            "avg": 0.02322242715231788,
            "min": 0,
            "med": 0,
            "max": 0.321757,
            "p(90)": 0.13603300000000024
        },
        "data_sent": {
            "count": 58309,
            "rate": 3881.8284320641947
        },
        "http_req_blocked": {
            "avg": 0.036441844370860885,
            "min": 0.003363,
            "med": 0.004987,
            "max": 0.904454,
            "p(90)": 0.17806380000000002,
            "p(95)": 0.24036279999999996
        },
        "data_received": {
            "rate": 23018.885102977933,
            "count": 345767
        },
        "http_req_failed": {
            "fails": 302,
            "passes": 0,
            "thresholds": {
                "rate<0.05": false
            },
            "value": 0
        },
        "checks": {
            "passes": 302,
            "fails": 0,
            "thresholds": {
                "rate>0.95": false
            },
            "value": 1
        },
        "vus": {
            "min": 0,
            "max": 0,
            "value": 0
        },
        "vus_max": {
            "value": 40,
            "min": 40,
            "max": 40
        }
    }
}