{
    "root_group": {
        "id": "d41d8cd98f00b204e9800998ecf8427e",
        "groups": {},
        "checks": {
                "iam_role_get status": {
                    "name": "iam_role_get status",
                    "path": "::iam_role_get status",
                    "id": "dda3acd462ba6d2a305fc2323822db40",
                    "passes": 301,
                    "fails": 0
                }
            },
        "name": "",
        "path": ""
    },
    "metrics": {
        "http_req_duration{expected_response:true}": {
            "p(95)": 1.165287,
            "avg": 0.9045752790697681,
            "min": 0.543836,
            "med": 0.919091,
            "max": 1.333967,
            "p(90)": 1.123236
        },
        "http_req_connecting": {
            "avg": 0.0228601561461794,
            "min": 0,
            "med": 0,
            "max": 0.272731,
            "p(90)": 0.134059,
            "p(95)": 0.192395
        },
        "iterations": {
            "count": 301,
            "rate": 20.064068801803113
        },
        "http_req_failed": {
            "passes": 0,
            "fails": 301,
            "thresholds": {
                "rate<0.05": false
            },
            "value": 0
        },
        "data_sent": {
            "count": 41165,
            "rate": 2743.9780472632065
        },
        "http_req_sending": {
            "min": 0.00901,
            "med": 0.016369,
            "max": 0.090017,
            "p(90)": 0.034752,
            "p(95)": 0.045477,
            "avg": 0.019169900332225927
        },
        "http_req_blocked": {
            "avg": 0.035669102990033195,
            "min": 0.003102,
            "med": 0.0053,
            "max": 0.857632,
            "p(90)": 0.175788,
            "p(95)": 0.246758
        },
        "http_req_receiving": {
            "avg": 0.04194846511627903,
            "min": 0.023176,
            "med": 0.041507,
            "max": 0.094124,
            "p(90)": 0.052887,
            "p(95)": 0.057444
        },
        "vus_max": {
            "value": 40,
            "min": 40,
            "max": 40
        },
        "http_reqs": {
            "count": 301,
            "rate": 20.064068801803113
        },
        "http_req_tls_handshaking": {
            "avg": 0,
            "min": 0,
            "med": 0,
            "max": 0,
            "p(90)": 0,
            "p(95)": 0
        },
        "http_req_duration": {
            "p(90)": 1.123236,
            "p(95)": 1.165287,
            "avg": 0.9045752790697681,
            "min": 0.543836,
            "med": 0.919091,
            "max": 1.333967,
            "thresholds": {
                "p(95)<1500": false
            }
        },
        "iteration_duration": {
            "min": 0.67504,
            "med": 1.111056,
            "max": 1.99115,
            "p(90)": 1.393072,
            "p(95)": 1.477946,
            "avg": 1.1068497574750829
        },
        "vus": {
            "value": 0,
            "min": 0,
            "max": 0
        },
        "data_received": {
            "count": 157050,
            "rate": 10468.644535957406
        },
        "checks": {
            "passes": 301,
            "fails": 0,
            "thresholds": {
                "rate>0.95": false
            },
            "value": 1
        },
        "http_req_waiting": {
            "avg": 0.8434569136212628,
            "min": 0.499638,
            "med": 0.854859,
            "max": 1.286142,
            "p(90)": 1.050356,
            "p(95)": 1.106202
        }
    },
    "setup_data": {
        "cookies": {}
    }
}