{
    "root_group": {
        "groups": {},
        "checks": {
                "iam_register status": {
                    "name": "iam_register status",
                    "path": "::iam_register status",
                    "id": "ca7c9faf580fe10f890d8f9990ed2eb9",
                    "passes": 301,
                    "fails": 0
                }
            },
        "name": "",
        "path": "",
        "id": "d41d8cd98f00b204e9800998ecf8427e"
    },
    "metrics": {
        "http_req_failed": {
            "passes": 0,
            "fails": 301,
            "thresholds": {
                "rate<0.05": false
            },
            "value": 0
        },
        "data_received": {
            "count": 82102,
            "rate": 5468.808748452089
        },
        "vus_max": {
            "value": 40,
            "min": 40,
            "max": 40
        },
        "http_req_connecting": {
            "avg": 0.022842883720930227,
            "min": 0,
            "med": 0,
            "max": 0.351674,
            "p(90)": 0.11947,
            "p(95)": 0.174611
        },
        "http_req_sending": {
            "max": 0.075608,
            "p(90)": 0.03783,
            "p(95)": 0.053384,
            "avg": 0.021735734219269106,
            "min": 0.008373,
            "med": 0.016315
        },
        "http_req_waiting": {
            "avg": 13.44641272425248,
            "min": 11.391131,
            "med": 12.635755,
            "max": 23.830308,
            "p(90)": 15.627847,
            "p(95)": 17.280105
        },
        "http_reqs": {
            "count": 301,
            "rate": 20.04958994036782
        },
        "http_req_duration{expected_response:true}": {
            "avg": 13.524845405315608,
            "min": 11.44842,
            "med": 12.732498,
            "max": 23.90609,
            "p(90)": 15.712063,
            "p(95)": 17.371888
        },
        "vus": {
            "value": 0,
            "min": 0,
            "max": 0
        },
        "http_req_tls_handshaking": {
            "avg": 0,
            "min": 0,
            "med": 0,
            "max": 0,
            "p(90)": 0,
            "p(95)": 0
        },
        "http_req_receiving": {
            "p(90)": 0.071704,
            "p(95)": 0.076064,
            "avg": 0.05669694684385379,
            "min": 0.037701,
            "med": 0.054086,
            "max": 0.104646
        },
        "iterations": {
            "count": 301,
            "rate": 20.04958994036782
        },
        "http_req_blocked": {
            "avg": 0.03643149169435216,
            "min": 0.002585,
            "med": 0.004475,
            "max": 1.208558,
            "p(90)": 0.17258,
            "p(95)": 0.212785
        },
        "data_sent": {
            "count": 92495,
            "rate": 6161.085785828311
        },
        "checks": {
            "passes": 301,
            "fails": 0,
            "thresholds": {
                "rate>0.95": false
            },
            "value": 1
        },
        "http_req_duration": {
            "max": 23.90609,
            "p(90)": 15.712063,
            "p(95)": 17.371888,
            "avg": 13.524845405315608,
            "min": 11.44842,
            "med": 12.732498,
            "thresholds": {
                "p(95)<1500": false
            }
        },
        "iteration_duration": {
            "min": 11.623076,
            "med": 12.950385,
            "max": 24.652462,
            "p(90)": 15.986589,
            "p(95)": 17.585741,
            "avg": 13.749994076411955
        }
    }
}