{
    "root_group": {
        "name": "",
        "path": "",
        "id": "d41d8cd98f00b204e9800998ecf8427e",
        "groups": {
            "setup": {
                "path": "::setup",
                "id": "5c0f8025f7e0b6654089e5b00e950f1a",
                "groups": {},
                "checks": {
                        "market_app_create_seed status": {
                            "passes": 1,
                            "fails": 0,
                            "name": "market_app_create_seed status",
                            "path": "::setup::market_app_create_seed status",
                            "id": "d85950b5e57cb8ab2f0fbb39bea73cd7"
                        }
                    },
                "name": "setup"
            }
        },
        "checks": {
            "market_app_update status": {
                "name": "market_app_update status",
                "path": "::market_app_update status",
                "id": "eba7a8cb5fe042077f2d55bc249ffa7e",
                "passes": 300,
                "fails": 0
            }
        }
    },
    "metrics": {
        "checks": {
            "passes": 301,
            "fails": 0,
            "thresholds": {
                "rate>0.95": false
            },
            "value": 1
        },
        "http_reqs": {
            "count": 301,
            "rate": 20.041849258927552
        },
        "http_req_connecting": {
            "avg": 0.022078182724252486,
            "min": 0,
            "med": 0,
            "max": 0.252039,
            "p(90)": 0.1324,
            "p(95)": 0.181212
        },
        "http_req_sending": {
            "avg": 0.02411571428571428,
            "min": 0.012346,
            "med": 0.019245,
            "max": 0.125333,
            "p(90)": 0.045389,
            "p(95)": 0.058556
        },
        "http_req_waiting": {
            "avg": 3.325473116279069,
            "min": 2.590506,
            "med": 3.245065,
            "max": 16.488945,
            "p(90)": 3.746939,
            "p(95)": 3.919955
        },
        "http_req_blocked": {
            "max": 0.834242,
            "p(90)": 0.171842,
            "p(95)": 0.230215,
            "avg": 0.034713524916943544,
            "min": 0.003051,
            "med": 0.004696
        },
        "data_sent": {
            "count": 100580,
            "rate": 6697.040526454928
        },
        "iteration_duration": {
            "avg": 3.565964046666664,
            "min": 2.824322,
            "med": 3.5197585,
            "max": 7.809042,
            "p(90)": 4.0581367,
            "p(95)": 4.244043550000001
        },
        "iterations": {
            "count": 300,
            "rate": 19.975265042120487
        },
        "http_req_duration": {
            "med": 3.310607,
            "max": 16.690032,
            "p(90)": 3.815925,
            "p(95)": 4.000554,
            "avg": 3.3924483289036527,
            "min": 2.645964,
            "thresholds": {
                "p(95)<1500": false
            }
        },
        "http_req_failed": {
            "passes": 0,
            "fails": 301,
            "thresholds": {
                "rate<0.05": false
            },
            "value": 0
        },
        "vus_max": {
            "value": 40,
            "min": 40,
            "max": 40
        },
        "http_req_tls_handshaking": {
            "avg": 0,
            "min": 0,
            "med": 0,
            "max": 0,
            "p(90)": 0,
            "p(95)": 0
        },
        "http_req_receiving": {
            "avg": 0.042859498338870414,
            "min": 0.022478,
            "med": 0.041693,
            "max": 0.136418,
            "p(90)": 0.05502,
            "p(95)": 0.061361
        },
        "data_received": {
            "count": 282724,
            "rate": 18824.956112561573
        },
        "http_req_duration{expected_response:true}": {
            "max": 16.690032,
            "p(90)": 3.815925,
            "p(95)": 4.000554,
            "avg": 3.3924483289036527,
            "min": 2.645964,
            "med": 3.310607
        },
        "vus": {
            "value": 0,
            "min": 0,
            "max": 0
        }
    },
    "setup_data": {
        "appID": "dfd75cce-e152-49eb-9ddb-fcaa670b6551",
        "cookies": {}
    }
}