{
    "metrics": {
        "http_req_duration": {
            "avg": 0.970291086378737,
            "min": 0.593022,
            "med": 0.96937,
            "max": 5.229273,
            "p(90)": 1.152935,
            "p(95)": 1.199032,
            "thresholds": {
                "p(95)<1500": false
            }
        },
        "iterations": {
            "count": 300,
            "rate": 19.989847538907405
        },
        "http_req_sending": {
            "avg": 0.020638119601328896,
            "min": 0.009806,
            "med": 0.016889,
            "max": 0.140147,
            "p(90)": 0.045922,
            "p(95)": 0.05191
        },
        "data_received": {
            "count": 200165,
            "rate": 13337.559442084668
        },
        "iteration_duration": {
            "med": 1.1670954999999998,
            "max": 1.722301,
            "p(90)": 1.4468225000000001,
            "p(95)": 1.56602155,
            "avg": 1.1642734900000002,
            "min": 0.730085
        },
        "http_reqs": {
            "count": 301,
            "rate": 20.056480364037096
        },
        "http_req_duration{expected_response:true}": {
            "min": 0.593022,
            "med": 0.96937,
            "max": 5.229273,
            "p(90)": 1.152935,
            "p(95)": 1.199032,
            "avg": 0.970291086378737
        },
        "http_req_tls_handshaking": {
            "avg": 0,
            "min": 0,
            "med": 0,
            "max": 0,
            "p(90)": 0,
            "p(95)": 0
        },
        "vus_max": {
            "value": 40,
            "min": 40,
            "max": 40
        },
        "http_req_connecting": {
            "max": 0.274975,
            "p(90)": 0.15101,
            "p(95)": 0.188031,
            "avg": 0.02415324584717608,
            "min": 0,
            "med": 0
        },
        "http_req_receiving": {
            "max": 0.114465,
            "p(90)": 0.055779,
            "p(95)": 0.06172,
            "avg": 0.04435215614617941,
            "min": 0.024863,
            "med": 0.043699
        },
        "http_req_blocked": {
            "min": 0.003332,
            "med": 0.005128,
            "max": 0.821683,
            "p(90)": 0.200702,
            "p(95)": 0.24567,
            "avg": 0.038102508305647854
        },
        "data_sent": {
            "rate": 3551.5295794125486,
            "count": 53300
        },
        "http_req_failed": {
            "passes": 0,
            "fails": 301,
            "thresholds": {
                "rate<0.05": false
            },
            "value": 0
        },
        "vus": {
            "max": 0,
            "value": 0,
            "min": 0
        },
        "http_req_waiting": {
            "max": 5.11522,
            "p(90)": 1.088055,
            "p(95)": 1.133624,
            "avg": 0.9053008106312292,
            "min": 0.525313,
            "med": 0.904183
        },
        "checks": {
            "passes": 301,
            "fails": 0,
            "thresholds": {
                "rate>0.95": false
            },
            "value": 1
        }
    },
    "setup_data": {
        "groupID": "019ee920-0683-7033-95f4-de0aa6948e07",
        "cookies": {}
    },
    "root_group": {
        "checks": {
            "iam_group_detail status": {
                "passes": 300,
                "fails": 0,
                "name": "iam_group_detail status",
                "path": "::iam_group_detail status",
                "id": "0c1f95dda5f33579df06bb5f8ef054a7"
            }
        },
        "name": "",
        "path": "",
        "id": "d41d8cd98f00b204e9800998ecf8427e",
        "groups": {
            "setup": {
                "path": "::setup",
                "id": "5c0f8025f7e0b6654089e5b00e950f1a",
                "groups": {},
                "checks": {
                        "iam_group_create_seed status": {
                            "name": "iam_group_create_seed status",
                            "path": "::setup::iam_group_create_seed status",
                            "id": "3bb63f3cf774d33ab14eab88aa1ffeb3",
                            "passes": 1,
                            "fails": 0
                        }
                    },
                "name": "setup"
            }
        }
    }
}