{
    "root_group": {
        "checks": {
            "market_apps_search status": {
                "id": "8e903a6ef01e2cf0f65f676cc90989f7",
                "passes": 301,
                "fails": 0,
                "name": "market_apps_search status",
                "path": "::market_apps_search status"
            }
        },
        "name": "",
        "path": "",
        "id": "d41d8cd98f00b204e9800998ecf8427e",
        "groups": {}
    },
    "metrics": {
        "http_reqs": {
            "count": 301,
            "rate": 20.06414553588677
        },
        "http_req_sending": {
            "max": 0.117764,
            "p(90)": 0.040478,
            "p(95)": 0.051302,
            "avg": 0.01992651162790697,
            "min": 0.009621,
            "med": 0.016827
        },
        "vus": {
            "max": 0,
            "value": 0,
            "min": 0
        },
        "http_req_receiving": {
            "max": 0.12453,
            "p(90)": 0.053984,
            "p(95)": 0.059909,
            "avg": 0.04330509302325581,
            "min": 0.021515,
            "med": 0.042611
        },
        "data_received": {
            "count": 68558,
            "rate": 4569.959101825
        },
        "http_req_duration": {
            "med": 0.830379,
            "max": 2.216686,
            "p(90)": 0.966017,
            "p(95)": 1.020179,
            "avg": 0.8272048837209303,
            "min": 0.457929,
            "thresholds": {
                "p(95)<1500": false
            }
        },
        "http_req_failed": {
            "fails": 301,
            "passes": 0,
            "thresholds": {
                "rate<0.05": false
            },
            "value": 0
        },
        "http_req_tls_handshaking": {
            "med": 0,
            "max": 0,
            "p(90)": 0,
            "p(95)": 0,
            "avg": 0,
            "min": 0
        },
        "iterations": {
            "count": 301,
            "rate": 20.06414553588677
        },
        "vus_max": {
            "value": 40,
            "min": 40,
            "max": 40
        },
        "http_req_duration{expected_response:true}": {
            "p(90)": 0.966017,
            "p(95)": 1.020179,
            "avg": 0.8272048837209303,
            "min": 0.457929,
            "med": 0.830379,
            "max": 2.216686
        },
        "http_req_blocked": {
            "med": 0.005107,
            "max": 0.861103,
            "p(90)": 0.187881,
            "p(95)": 0.235211,
            "avg": 0.035264691029900326,
            "min": 0.003276
        },
        "data_sent": {
            "count": 61033,
            "rate": 4068.355463427831
        },
        "http_req_waiting": {
            "p(90)": 0.906937,
            "p(95)": 0.956477,
            "avg": 0.7639732790697678,
            "min": 0.389307,
            "med": 0.766792,
            "max": 2.1167
        },
        "iteration_duration": {
            "max": 3.313191,
            "p(90)": 1.212327,
            "p(95)": 1.304199,
            "avg": 1.0255735016611298,
            "min": 0.625608,
            "med": 1.01441
        },
        "checks": {
            "passes": 301,
            "fails": 0,
            "thresholds": {
                "rate>0.95": false
            },
            "value": 1
        },
        "http_req_connecting": {
            "min": 0,
            "med": 0,
            "max": 0.232392,
            "p(90)": 0.141808,
            "p(95)": 0.186617,
            "avg": 0.022483820598006642
        }
    }
}