{
    "setup_data": {
        "cookies": {}
    },
    "root_group": {
        "id": "d41d8cd98f00b204e9800998ecf8427e",
        "groups": {},
        "checks": {
                "iam_profile_get status": {
                    "name": "iam_profile_get status",
                    "path": "::iam_profile_get status",
                    "id": "4427de8030f453597178ef0cbd64b5d1",
                    "passes": 300,
                    "fails": 0
                }
            },
        "name": "",
        "path": ""
    },
    "metrics": {
        "http_req_duration": {
            "avg": 0.6800724933333335,
            "min": 0.392259,
            "med": 0.6853835,
            "max": 0.979338,
            "p(90)": 0.7991391,
            "p(95)": 0.8340192000000001,
            "thresholds": {
                "p(95)<1500": false
            }
        },
        "http_req_blocked": {
            "p(90)": 0.18116590000000016,
            "p(95)": 0.24179020000000007,
            "avg": 0.03667314333333334,
            "min": 0.003376,
            "med": 0.005296,
            "max": 0.879391
        },
        "http_req_waiting": {
            "avg": 0.6171543966666667,
            "min": 0.331112,
            "med": 0.620342,
            "max": 0.917826,
            "p(90)": 0.7334124000000001,
            "p(95)": 0.7607660500000001
        },
        "http_reqs": {
            "count": 300,
            "rate": 19.998961044640883
        },
        "http_req_sending": {
            "p(90)": 0.03831950000000002,
            "p(95)": 0.05183305,
            "avg": 0.019817673333333324,
            "min": 0.009481,
            "med": 0.0166555,
            "max": 0.107545
        },
        "data_sent": {
            "rate": 2795.121458802492,
            "count": 41929
        },
        "http_req_connecting": {
            "avg": 0.02379512666666667,
            "min": 0,
            "med": 0,
            "max": 0.251726,
            "p(90)": 0.14304540000000002,
            "p(95)": 0.1987559
        },
        "checks": {
            "passes": 300,
            "fails": 0,
            "thresholds": {
                "rate>0.95": false
            },
            "value": 1
        },
        "data_received": {
            "rate": 6834.911589819951,
            "count": 102529
        },
        "http_req_receiving": {
            "min": 0.022123,
            "med": 0.0426435,
            "max": 0.174536,
            "p(90)": 0.05180000000000001,
            "p(95)": 0.05564335000000001,
            "avg": 0.043100423333333304
        },
        "http_req_duration{expected_response:true}": {
            "avg": 0.6800724933333335,
            "min": 0.392259,
            "med": 0.6853835,
            "max": 0.979338,
            "p(90)": 0.7991391,
            "p(95)": 0.8340192000000001
        },
        "vus_max": {
            "value": 40,
            "min": 40,
            "max": 40
        },
        "iterations": {
            "count": 300,
            "rate": 19.998961044640883
        },
        "vus": {
            "value": 0,
            "min": 0,
            "max": 0
        },
        "http_req_tls_handshaking": {
            "avg": 0,
            "min": 0,
            "med": 0,
            "max": 0,
            "p(90)": 0,
            "p(95)": 0
        },
        "http_req_failed": {
            "passes": 0,
            "fails": 300,
            "thresholds": {
                "rate<0.05": false
            },
            "value": 0
        },
        "iteration_duration": {
            "min": 0.567356,
            "med": 0.867509,
            "max": 2.011375,
            "p(90)": 1.0540930000000002,
            "p(95)": 1.1778250000000001,
            "avg": 0.8823020799999994
        }
    }
}