{
    "metrics": {
        "iteration_duration": {
            "p(90)": 854.6375869999999,
            "p(95)": 969.321642,
            "avg": 482.30087310487477,
            "min": 81.343384,
            "med": 418.332339,
            "max": 1539.628988
        },
        "http_req_failed": {
            "passes": 0,
            "fails": 6236,
            "thresholds": {
                "rate<0.05": false
            },
            "value": 0
        },
        "http_req_connecting": {
            "avg": 0.0013188601667735729,
            "min": 0,
            "med": 0,
            "max": 0.903239,
            "p(90)": 0,
            "p(95)": 0
        },
        "http_req_waiting": {
            "p(90)": 854.405385,
            "p(95)": 969.0564525,
            "avg": 482.03901520542087,
            "min": 81.054931,
            "med": 418.038661,
            "max": 1539.380565
        },
        "http_req_sending": {
            "p(90)": 0.0271175,
            "p(95)": 0.032946249999999996,
            "avg": 0.017447349903784513,
            "min": 0.002718,
            "med": 0.014928,
            "max": 0.577088
        },
        "data_received": {
            "count": 5399995,
            "rate": 89590.19049481726
        },
        "checks": {
            "passes": 6236,
            "fails": 0,
            "thresholds": {
                "rate>0.95": false
            },
            "value": 1
        },
        "http_req_receiving": {
            "max": 0.951854,
            "p(90)": 0.090237,
            "p(95)": 0.1085985,
            "avg": 0.05689124983964074,
            "min": 0.007591,
            "med": 0.0497745
        },
        "iterations": {
            "count": 6236,
            "rate": 103.46017504195474
        },
        "http_req_tls_handshaking": {
            "avg": 0,
            "min": 0,
            "med": 0,
            "max": 0,
            "p(90)": 0,
            "p(95)": 0
        },
        "vus_max": {
            "value": 50,
            "min": 50,
            "max": 50
        },
        "http_req_duration{expected_response:true}": {
            "avg": 482.1133538051628,
            "min": 81.137055,
            "med": 418.09729400000003,
            "max": 1539.445183,
            "p(90)": 854.4720135,
            "p(95)": 969.12908425
        },
        "vus": {
            "value": 50,
            "min": 50,
            "max": 50
        },
        "http_req_blocked": {
            "avg": 0.014786753688261751,
            "min": 0.000578,
            "med": 0.003041,
            "max": 2.105283,
            "p(90)": 0.0058530000000000006,
            "p(95)": 0.00731575
        },
        "http_req_duration": {
            "med": 418.09729400000003,
            "max": 1539.445183,
            "p(90)": 854.4720135,
            "p(95)": 969.12908425,
            "avg": 482.1133538051628,
            "min": 81.137055,
            "thresholds": {
                "p(95)<1500": false
            }
        },
        "data_sent": {
            "count": 1496259,
            "rate": 24824.120918553584
        },
        "http_reqs": {
            "count": 6236,
            "rate": 103.46017504195474
        }
    },
    "root_group": {
        "name": "",
        "path": "",
        "id": "d41d8cd98f00b204e9800998ecf8427e",
        "groups": {},
        "checks": {
                "iam_login status": {
                    "fails": 0,
                    "name": "iam_login status",
                    "path": "::iam_login status",
                    "id": "027f382f20360300f3948fad8747b531",
                    "passes": 6236
                }
            }
    }
}