{
    "root_group": {
        "name": "",
        "path": "",
        "id": "d41d8cd98f00b204e9800998ecf8427e",
        "groups": {},
        "checks": {
                "market_rank_daily status": {
                    "name": "market_rank_daily status",
                    "path": "::market_rank_daily status",
                    "id": "3b0bd671acffdc49b7901d83dec83a1f",
                    "passes": 327506,
                    "fails": 0
                }
            }
    },
    "metrics": {
        "vus_max": {
            "max": 50,
            "value": 50,
            "min": 50
        },
        "http_req_duration{expected_response:true}": {
            "max": 92.236832,
            "p(90)": 16.2203455,
            "p(95)": 27.068876000000003,
            "avg": 9.05470533037563,
            "min": 0.287884,
            "med": 6.8927795
        },
        "checks": {
            "passes": 327506,
            "fails": 0,
            "thresholds": {
                "rate>0.95": false
            },
            "value": 1
        },
        "vus": {
            "value": 50,
            "min": 50,
            "max": 50
        },
        "http_req_duration": {
            "p(95)": 27.068876000000003,
            "avg": 9.05470533037563,
            "min": 0.287884,
            "med": 6.8927795,
            "max": 92.236832,
            "p(90)": 16.2203455,
            "thresholds": {
                "p(95)<1500": false
            }
        },
        "http_req_failed": {
            "passes": 0,
            "fails": 327506,
            "thresholds": {
                "rate<0.05": false
            },
            "value": 0
        },
        "http_req_sending": {
            "avg": 0.009939808818769838,
            "min": 0.001571,
            "med": 0.008766,
            "max": 2.440787,
            "p(90)": 0.015656,
            "p(95)": 0.018356
        },
        "http_reqs": {
            "count": 327506,
            "rate": 5456.699574358672
        },
        "http_req_tls_handshaking": {
            "avg": 0,
            "min": 0,
            "med": 0,
            "max": 0,
            "p(90)": 0,
            "p(95)": 0
        },
        "data_sent": {
            "count": 55234142,
            "rate": 920276.6335318025
        },
        "http_req_blocked": {
            "p(95)": 0.00479,
            "avg": 0.0030052405238376587,
            "min": 0.000428,
            "med": 0.002549,
            "max": 1.877669,
            "p(90)": 0.00416
        },
        "data_received": {
            "count": 820943170,
            "rate": 13678040.238382379
        },
        "http_req_connecting": {
            "avg": 0.00007963301130360974,
            "min": 0,
            "med": 0,
            "max": 0.677032,
            "p(90)": 0,
            "p(95)": 0
        },
        "http_req_waiting": {
            "avg": 9.007465561620146,
            "min": 0.27654,
            "med": 6.845058,
            "max": 92.205814,
            "p(90)": 16.166947,
            "p(95)": 27.01865925
        },
        "iteration_duration": {
            "avg": 9.151675978797364,
            "min": 0.325467,
            "med": 6.9915535,
            "max": 92.301786,
            "p(90)": 16.328022,
            "p(95)": 27.172311
        },
        "http_req_receiving": {
            "med": 0.034336,
            "max": 4.294855,
            "p(90)": 0.056796,
            "p(95)": 0.06482,
            "avg": 0.037299959936612594,
            "min": 0.005239
        },
        "iterations": {
            "count": 327506,
            "rate": 5456.699574358672
        }
    }
}