{
    "metrics": {
        "http_req_tls_handshaking": {
            "min": 0,
            "med": 0,
            "max": 0,
            "p(90)": 0,
            "p(95)": 0,
            "avg": 0
        },
        "http_req_waiting": {
            "min": 0.020342,
            "med": 0.668877,
            "max": 67.135959,
            "p(90)": 1.7924092,
            "p(95)": 2.507990300000002,
            "avg": 1.0062113685725733
        },
        "data_sent": {
            "count": 405104488,
            "rate": 6748492.120573798
        },
        "checks": {
            "passes": 1,
            "fails": 2689678,
            "thresholds": {
                "rate>0.95": true
            },
            "value": 3.717915781028145e-7
        },
        "data_received": {
            "count": 858620798,
            "rate": 14303459.629565464
        },
        "http_req_failed": {
            "passes": 2689678,
            "fails": 1,
            "thresholds": {
                "rate<0.05": true
            },
            "value": 0.9999996282084219
        },
        "iterations": {
            "rate": 44806.37608090033,
            "count": 2689677
        },
        "vus_max": {
            "value": 50,
            "min": 50,
            "max": 50
        },
        "http_reqs": {
            "count": 2689679,
            "rate": 44806.409398191645
        },
        "http_req_sending": {
            "avg": 0.006858431613587117,
            "min": 0.001208,
            "med": 0.005658,
            "max": 7.390023,
            "p(90)": 0.009902,
            "p(95)": 0.011915
        },
        "http_req_receiving": {
            "min": 0.003296,
            "med": 0.0172,
            "max": 13.398207,
            "p(90)": 0.031589,
            "p(95)": 0.038206,
            "avg": 0.021391353122808224
        },
        "http_req_connecting": {
            "p(90)": 0,
            "p(95)": 0,
            "avg": 0.000002479583251384273,
            "min": 0,
            "med": 0,
            "max": 1.155943
        },
        "iteration_duration": {
            "max": 67.18548,
            "p(90)": 1.9125309999999995,
            "p(95)": 2.6622537999999976,
            "avg": 1.1074372239960717,
            "min": 0.050154,
            "med": 0.763559
        },
        "http_req_blocked": {
            "avg": 0.002177995619179854,
            "min": 0.000385,
            "med": 0.001783,
            "max": 4.726364,
            "p(90)": 0.003212,
            "p(95)": 0.003906
        },
        "http_req_duration": {
            "p(90)": 1.826442000000002,
            "p(95)": 2.5525853000000005,
            "avg": 1.0344611533090633,
            "min": 0.026804,
            "med": 0.695229,
            "max": 67.149311,
            "thresholds": {
                "p(95)<1500": false
            }
        },
        "http_req_duration{expected_response:true}": {
            "p(95)": 25.775327,
            "avg": 25.775327,
            "min": 25.775327,
            "med": 25.775327,
            "max": 25.775327,
            "p(90)": 25.775327
        },
        "vus": {
            "value": 50,
            "min": 50,
            "max": 50
        }
    },
    "setup_data": {
        "cookies": {
            "auth_token": [
                {
                    "Name": "auth_token",
                    "Value": "eyJhbGciOiJIUzI1NiIsInR5cCI6IkpXVCJ9.eyJ1c2VyX2lkIjoiMDE5ZWU5MWUtMTkyMy03NzMzLTkxNzEtZWY4ZjZkYTgyYTRlIiwiaXNzIjoicnBhLW1hcmtldC1pYW0iLCJleHAiOjE3ODIwMzI4NjEsImlhdCI6MTc4MjAzMTA2MX0.j21R5VM3M9GDE4z93NjCsQZ70q4u7_32FoiYwLQABGE",
                    "Domain": "",
                    "Path": "/",
                    "HTTPOnly": true,
                    "Secure": false,
                    "MaxAge": 1800,
                    "Expires": -6795364578871
                }
            ],
            "session_id": [
                {
                    "Domain": "",
                    "Path": "/",
                    "HTTPOnly": true,
                    "Secure": false,
                    "MaxAge": 604800,
                    "Expires": -6795364578871,
                    "Name": "session_id",
                    "Value": "3d819688-df03-48ff-823c-422aa57f28b8"
                }
            ]
        },
        "appID": null
    },
    "root_group": {
        "name": "",
        "path": "",
        "id": "d41d8cd98f00b204e9800998ecf8427e",
        "groups": {
            "setup": {
                "name": "setup",
                "path": "::setup",
                "id": "5c0f8025f7e0b6654089e5b00e950f1a",
                "groups": {},
                "checks": {
                        "setup_login status": {
                            "id": "ec2704440794f5598d37961555e6c1a7",
                            "passes": 1,
                            "fails": 0,
                            "name": "setup_login status",
                            "path": "::setup::setup_login status"
                        },
                        "market_app_create_seed status": {
                            "name": "market_app_create_seed status",
                            "path": "::setup::market_app_create_seed status",
                            "id": "d85950b5e57cb8ab2f0fbb39bea73cd7",
                            "passes": 0,
                            "fails": 1
                        }
                    }
            }
        },
        "checks": {
            "market_app_detail status": {
                "id": "e3ad017eecd88a461abcb4e0dd34c313",
                "passes": 0,
                "fails": 2689677,
                "name": "market_app_detail status",
                "path": "::market_app_detail status"
            }
        }
    }
}