{
    "root_group": {
        "groups": {},
        "checks": {
                "market_apps_list status": {
                    "id": "9f79e1366fd6857d6a8f8c6c2ff256c6",
                    "passes": 156076,
                    "fails": 0,
                    "name": "market_apps_list status",
                    "path": "::market_apps_list status"
                }
            },
        "name": "",
        "path": "",
        "id": "d41d8cd98f00b204e9800998ecf8427e"
    },
    "metrics": {
        "vus_max": {
            "value": 50,
            "min": 50,
            "max": 50
        },
        "http_req_connecting": {
            "avg": 0.00018127903713575436,
            "min": 0,
            "med": 0,
            "max": 0.719034,
            "p(90)": 0,
            "p(95)": 0
        },
        "http_req_waiting": {
            "med": 15.3964815,
            "max": 117.42522,
            "p(90)": 28.0202155,
            "p(95)": 54.69982525,
            "avg": 18.825492103769946,
            "min": 1.965253
        },
        "vus": {
            "value": 50,
            "min": 50,
            "max": 50
        },
        "http_req_duration{expected_response:true}": {
            "p(95)": 54.96584675,
            "avg": 19.081756292049675,
            "min": 1.998167,
            "med": 15.663862,
            "max": 117.515336,
            "p(90)": 28.4105565
        },
        "data_sent": {
            "count": 25512973,
            "rate": 425014.9819543096
        },
        "iteration_duration": {
            "p(90)": 28.551254,
            "p(95)": 55.097642500000006,
            "avg": 19.212235637843083,
            "min": 2.063646,
            "med": 15.79657,
            "max": 117.696803
        },
        "http_reqs": {
            "count": 156076,
            "rate": 2600.035610256038
        },
        "http_req_sending": {
            "p(90)": 0.021262,
            "p(95)": 0.02486325,
            "avg": 0.014216779158871267,
            "min": 0.002122,
            "med": 0.012595499999999999,
            "max": 4.969096
        },
        "http_req_receiving": {
            "avg": 0.24204740912119907,
            "min": 0.012018,
            "med": 0.0768995,
            "max": 17.974594,
            "p(90)": 0.2814095,
            "p(95)": 0.60475425
        },
        "iterations": {
            "count": 156076,
            "rate": 2600.035610256038
        },
        "http_req_failed": {
            "passes": 0,
            "fails": 156076,
            "thresholds": {
                "rate<0.05": false
            },
            "value": 0
        },
        "http_req_duration": {
            "max": 117.515336,
            "p(90)": 28.4105565,
            "p(95)": 54.96584675,
            "avg": 19.081756292049675,
            "min": 1.998167,
            "med": 15.663862,
            "thresholds": {
                "p(95)<1500": false
            }
        },
        "http_req_blocked": {
            "med": 0.003401,
            "max": 1.682069,
            "p(90)": 0.005335,
            "p(95)": 0.006125,
            "avg": 0.004261158365155427,
            "min": 0.000495
        },
        "data_received": {
            "count": 2203397477,
            "rate": 36705911.887467064
        },
        "checks": {
            "fails": 0,
            "passes": 156076,
            "thresholds": {
                "rate>0.95": false
            },
            "value": 1
        },
        "http_req_tls_handshaking": {
            "max": 0,
            "p(90)": 0,
            "p(95)": 0,
            "avg": 0,
            "min": 0,
            "med": 0
        }
    }
}