{
    "root_group": {
        "name": "",
        "path": "",
        "id": "d41d8cd98f00b204e9800998ecf8427e",
        "groups": {},
        "checks": {
                "iam_register status": {
                    "id": "ca7c9faf580fe10f890d8f9990ed2eb9",
                    "passes": 5932,
                    "fails": 0,
                    "name": "iam_register status",
                    "path": "::iam_register status"
                }
            }
    },
    "metrics": {
        "http_req_duration{expected_response:true}": {
            "avg": 506.6142856031698,
            "min": 117.061561,
            "med": 443.873063,
            "max": 2342.620922,
            "p(90)": 805.5672079000005,
            "p(95)": 883.7767404499999
        },
        "checks": {
            "passes": 5932,
            "fails": 0,
            "thresholds": {
                "rate>0.95": false
            },
            "value": 1
        },
        "http_req_tls_handshaking": {
            "min": 0,
            "med": 0,
            "max": 0,
            "p(90)": 0,
            "p(95)": 0,
            "avg": 0
        },
        "iteration_duration": {
            "max": 2344.026986,
            "p(90)": 805.7232799000004,
            "p(95)": 883.9807523,
            "avg": 506.79071279686275,
            "min": 117.271264,
            "med": 444.0824125
        },
        "http_req_duration": {
            "p(95)": 883.7767404499999,
            "avg": 506.6142856031698,
            "min": 117.061561,
            "med": 443.873063,
            "max": 2342.620922,
            "p(90)": 805.5672079000005,
            "thresholds": {
                "p(95)<1500": false
            }
        },
        "http_req_sending": {
            "max": 0.702426,
            "p(90)": 0.02815010000000001,
            "p(95)": 0.03407279999999999,
            "avg": 0.018687019892110628,
            "min": 0.002874,
            "med": 0.0150795
        },
        "iterations": {
            "count": 5932,
            "rate": 98.60743108136296
        },
        "vus_max": {
            "value": 50,
            "min": 50,
            "max": 50
        },
        "http_reqs": {
            "count": 5932,
            "rate": 98.60743108136296
        },
        "http_req_failed": {
            "passes": 0,
            "fails": 5932,
            "thresholds": {
                "rate<0.05": false
            },
            "value": 0
        },
        "http_req_blocked": {
            "avg": 0.01418217178017524,
            "min": 0.000568,
            "med": 0.0032830000000000003,
            "max": 1.769018,
            "p(90)": 0.006095400000000003,
            "p(95)": 0.007454
        },
        "data_received": {
            "rate": 27007.830664332912,
            "count": 1624730
        },
        "http_req_connecting": {
            "max": 0.576006,
            "p(90)": 0,
            "p(95)": 0,
            "avg": 0.000968935097774781,
            "min": 0,
            "med": 0
        },
        "http_req_waiting": {
            "med": 443.7688645,
            "max": 2342.544171,
            "p(90)": 805.4907329000005,
            "p(95)": 883.6948758,
            "avg": 506.54119820954116,
            "min": 116.987961
        },
        "http_req_receiving": {
            "p(90)": 0.08968520000000003,
            "p(95)": 0.10734559999999999,
            "avg": 0.054400373735670964,
            "min": 0.007243,
            "med": 0.0462705,
            "max": 0.953868
        },
        "data_sent": {
            "count": 1842938,
            "rate": 30635.09471042227
        },
        "vus": {
            "value": 50,
            "min": 50,
            "max": 50
        }
    }
}