{
    "root_group": {
        "checks": {
            "iam_profile_update status": {
                "passes": 0,
                "fails": 2131415,
                "name": "iam_profile_update status",
                "path": "::iam_profile_update status",
                "id": "b30db9284e76f13d315f2730c30f75de"
            }
        },
        "name": "",
        "path": "",
        "id": "d41d8cd98f00b204e9800998ecf8427e",
        "groups": {
            "setup": {
                "name": "setup",
                "path": "::setup",
                "id": "5c0f8025f7e0b6654089e5b00e950f1a",
                "groups": {},
                "checks": {
                        "setup_login status": {
                            "name": "setup_login status",
                            "path": "::setup::setup_login status",
                            "id": "ec2704440794f5598d37961555e6c1a7",
                            "passes": 1,
                            "fails": 0
                        }
                    }
            }
        }
    },
    "metrics": {
        "http_req_tls_handshaking": {
            "med": 0,
            "max": 0,
            "p(90)": 0,
            "p(95)": 0,
            "avg": 0,
            "min": 0
        },
        "http_req_duration": {
            "avg": 1.2916204664763158,
            "min": 0.029648,
            "med": 1.0274795,
            "max": 26.545716,
            "p(90)": 2.5956085,
            "p(95)": 3.3045325,
            "thresholds": {
                "p(95)<1500": false
            }
        },
        "http_reqs": {
            "count": 2131416,
            "rate": 35506.94352768388
        },
        "data_received": {
            "count": 688701046,
            "rate": 11472968.743679702
        },
        "http_req_blocked": {
            "p(95)": 0.004418,
            "avg": 0.002517648559924746,
            "min": 0.000421,
            "med": 0.002065,
            "max": 10.159506,
            "p(90)": 0.003673
        },
        "vus_max": {
            "value": 50,
            "min": 50,
            "max": 50
        },
        "http_req_failed": {
            "passes": 2131415,
            "fails": 1,
            "thresholds": {
                "rate<0.05": true
            },
            "value": 0.9999995308283319
        },
        "http_req_waiting": {
            "min": 0.021788,
            "med": 0.9957685000000001,
            "max": 25.755209,
            "p(90)": 2.5554655000000004,
            "p(95)": 3.26002125,
            "avg": 1.2580081636142164
        },
        "iteration_duration": {
            "med": 1.130558,
            "max": 26.691629,
            "p(90)": 2.7200312000000006,
            "p(95)": 3.442122799999999,
            "avg": 1.3987845925885192,
            "min": 0.063059
        },
        "checks": {
            "passes": 1,
            "fails": 2131415,
            "thresholds": {
                "rate>0.95": true
            },
            "value": 4.691716680366479e-7
        },
        "http_req_receiving": {
            "p(90)": 0.034819,
            "p(95)": 0.042075,
            "avg": 0.02405071924438972,
            "min": 0.00365,
            "med": 0.018922,
            "max": 14.166513
        },
        "iterations": {
            "count": 2131415,
            "rate": 35506.92686883196
        },
        "data_sent": {
            "count": 675911930,
            "rate": 11259916.754025407
        },
        "vus": {
            "value": 50,
            "min": 50,
            "max": 50
        },
        "http_req_connecting": {
            "p(90)": 0,
            "p(95)": 0,
            "avg": 0.000006778950237776203,
            "min": 0,
            "med": 0,
            "max": 1.524888
        },
        "http_req_duration{expected_response:true}": {
            "avg": 25.885294,
            "min": 25.885294,
            "med": 25.885294,
            "max": 25.885294,
            "p(90)": 25.885294,
            "p(95)": 25.885294
        },
        "http_req_sending": {
            "avg": 0.009561583617650856,
            "min": 0.001682,
            "med": 0.007942,
            "max": 11.244487,
            "p(90)": 0.013518,
            "p(95)": 0.016089
        }
    },
    "setup_data": {
        "cookies": {
            "auth_token": [
                {
                    "Domain": "",
                    "Path": "/",
                    "HTTPOnly": true,
                    "Secure": false,
                    "MaxAge": 1800,
                    "Expires": -6795364578871,
                    "Name": "auth_token",
                    "Value": "eyJhbGciOiJIUzI1NiIsInR5cCI6IkpXVCJ9.eyJ1c2VyX2lkIjoiMDE5ZWU5MWUtMTkyMy03NzMzLTkxNzEtZWY4ZjZkYTgyYTRlIiwiaXNzIjoicnBhLW1hcmtldC1pYW0iLCJleHAiOjE3ODIwMzE5MTAsImlhdCI6MTc4MjAzMDExMH0.TpAH4cHvgJYPm26z5wxp7bLe5qrT4kgdUpDAa0fjKaM"
                }
            ],
            "session_id": [
                {
                    "Value": "0fa8a1ac-41ff-4482-bb72-9795961ea2bf",
                    "Domain": "",
                    "Path": "/",
                    "HTTPOnly": true,
                    "Secure": false,
                    "MaxAge": 604800,
                    "Expires": -6795364578871,
                    "Name": "session_id"
                }
            ]
        }
    }
}