{
    "root_group": {
        "path": "",
        "id": "d41d8cd98f00b204e9800998ecf8427e",
        "groups": {},
        "checks": {
                "market_rank_total status": {
                    "fails": 0,
                    "name": "market_rank_total status",
                    "path": "::market_rank_total status",
                    "id": "73d47abc2bc94b9babd69f48cb593ea7",
                    "passes": 333746
                }
            },
        "name": ""
    },
    "metrics": {
        "data_sent": {
            "count": 56287823,
            "rate": 937942.254690186
        },
        "http_req_connecting": {
            "avg": 0.00004192097583192008,
            "min": 0,
            "med": 0,
            "max": 0.921555,
            "p(90)": 0,
            "p(95)": 0
        },
        "vus_max": {
            "value": 50,
            "min": 50,
            "max": 50
        },
        "http_req_waiting": {
            "med": 6.6878005,
            "max": 114.434324,
            "p(90)": 15.926668,
            "p(95)": 26.338873500000002,
            "avg": 8.840310381748296,
            "min": 0.215438
        },
        "http_req_duration": {
            "med": 6.734028,
            "max": 114.466381,
            "p(90)": 15.9779705,
            "p(95)": 26.390344749999997,
            "avg": 8.885790672238876,
            "min": 0.225732,
            "thresholds": {
                "p(95)<1500": false
            }
        },
        "http_req_duration{expected_response:true}": {
            "avg": 8.885790672238876,
            "min": 0.225732,
            "med": 6.734028,
            "max": 114.466381,
            "p(90)": 15.9779705,
            "p(95)": 26.390344749999997
        },
        "http_req_blocked": {
            "avg": 0.00291212988020831,
            "min": 0.000385,
            "med": 0.002444,
            "max": 5.18665,
            "p(90)": 0.004127,
            "p(95)": 0.004767749999999999
        },
        "http_req_tls_handshaking": {
            "avg": 0,
            "min": 0,
            "med": 0,
            "max": 0,
            "p(90)": 0,
            "p(95)": 0
        },
        "iterations": {
            "count": 333746,
            "rate": 5561.317866811634
        },
        "http_reqs": {
            "count": 333746,
            "rate": 5561.317866811634
        },
        "data_received": {
            "count": 836585971,
            "rate": 13940303.427295785
        },
        "checks": {
            "passes": 333746,
            "fails": 0,
            "thresholds": {
                "rate>0.95": false
            },
            "value": 1
        },
        "http_req_sending": {
            "p(90)": 0.015459,
            "p(95)": 0.018159,
            "avg": 0.009647764117023063,
            "min": 0.001507,
            "med": 0.008394,
            "max": 2.607491
        },
        "iteration_duration": {
            "max": 114.548953,
            "p(90)": 16.084928,
            "p(95)": 26.48841675,
            "avg": 8.979853895564178,
            "min": 0.257,
            "med": 6.829789
        },
        "vus": {
            "max": 50,
            "value": 50,
            "min": 50
        },
        "http_req_receiving": {
            "p(90)": 0.055446,
            "p(95)": 0.06348775000000001,
            "avg": 0.03583252637334912,
            "min": 0.004794,
            "med": 0.032893,
            "max": 6.247655
        },
        "http_req_failed": {
            "passes": 0,
            "fails": 333746,
            "thresholds": {
                "rate<0.05": false
            },
            "value": 0
        }
    }
}