{
    "metrics": {
        "http_req_duration": {
            "avg": 0.6145891120986516,
            "min": 0.230066,
            "med": 0.6491769999999999,
            "max": 14.573034,
            "p(90)": 0.7893585,
            "p(95)": 0.8453478,
            "thresholds": {
                "p(95)<1500": false
            }
        },
        "http_req_waiting": {
            "max": 14.328135,
            "p(90)": 0.7127078,
            "p(95)": 0.7636195,
            "avg": 0.5508636953116324,
            "min": 0.199402,
            "med": 0.580603
        },
        "vus": {
            "value": 1,
            "min": 0,
            "max": 1
        },
        "vus_max": {
            "value": 150,
            "min": 150,
            "max": 150
        },
        "http_reqs": {
            "count": 18002,
            "rate": 299.9351346002587
        },
        "http_req_failed": {
            "passes": 0,
            "fails": 18002,
            "thresholds": {
                "rate<0.05": false
            },
            "value": 0
        },
        "data_sent": {
            "rate": 54114.116377042905,
            "count": 3247910
        },
        "http_req_blocked": {
            "p(90)": 0.0063159,
            "p(95)": 0.007341600000000005,
            "avg": 0.009833293967336967,
            "min": 0.001395,
            "med": 0.004936,
            "max": 12.92992
        },
        "http_req_receiving": {
            "p(90)": 0.06349170000000001,
            "p(95)": 0.06989730000000001,
            "avg": 0.047832540606599146,
            "min": 0.010638,
            "med": 0.0495335,
            "max": 0.867568
        },
        "http_req_connecting": {
            "med": 0,
            "max": 12.887222,
            "p(90)": 0,
            "p(95)": 0,
            "avg": 0.004423795244972782,
            "min": 0
        },
        "http_req_sending": {
            "avg": 0.015892876180424505,
            "min": 0.004475,
            "med": 0.0166685,
            "max": 0.556139,
            "p(90)": 0.020718,
            "p(95)": 0.023951600000000007
        },
        "iteration_duration": {
            "avg": 0.7720349567246256,
            "min": 0.303796,
            "med": 0.809869,
            "max": 13.937344,
            "p(90)": 0.978582,
            "p(95)": 1.05138
        },
        "iterations": {
            "count": 18001,
            "rate": 299.9184733884711
        },
        "checks": {
            "passes": 18002,
            "fails": 0,
            "thresholds": {
                "rate>0.95": false
            },
            "value": 1
        },
        "http_req_tls_handshaking": {
            "avg": 0,
            "min": 0,
            "med": 0,
            "max": 0,
            "p(90)": 0,
            "p(95)": 0
        },
        "data_received": {
            "count": 16567750,
            "rate": 276038.7915939027
        },
        "http_req_duration{expected_response:true}": {
            "p(95)": 0.8453478,
            "avg": 0.6145891120986516,
            "min": 0.230066,
            "med": 0.6491769999999999,
            "max": 14.573034,
            "p(90)": 0.7893585
        }
    },
    "setup_data": {
        "appID": "d044a040-d962-4f2f-b20c-0353d0bccca6",
        "cookies": {}
    },
    "root_group": {
        "name": "",
        "path": "",
        "id": "d41d8cd98f00b204e9800998ecf8427e",
        "groups": {
            "setup": {
                "id": "5c0f8025f7e0b6654089e5b00e950f1a",
                "groups": {},
                "checks": {
                        "market_app_create_seed status": {
                            "fails": 0,
                            "name": "market_app_create_seed status",
                            "path": "::setup::market_app_create_seed status",
                            "id": "d85950b5e57cb8ab2f0fbb39bea73cd7",
                            "passes": 1
                        }
                    },
                "name": "setup",
                "path": "::setup"
            }
        },
        "checks": {
            "market_app_detail status": {
                "passes": 18001,
                "fails": 0,
                "name": "market_app_detail status",
                "path": "::market_app_detail status",
                "id": "e3ad017eecd88a461abcb4e0dd34c313"
            }
        }
    }
}