{
    "setup_data": {
        "appID": "356a4f18-9522-4d5b-9167-be66063b032d",
        "cookies": {}
    },
    "root_group": {
        "groups": {
            "setup": {
                "id": "5c0f8025f7e0b6654089e5b00e950f1a",
                "groups": {},
                "checks": {
                        "market_app_create_seed status": {
                            "name": "market_app_create_seed status",
                            "path": "::setup::market_app_create_seed status",
                            "id": "d85950b5e57cb8ab2f0fbb39bea73cd7",
                            "passes": 1,
                            "fails": 0
                        }
                    },
                "name": "setup",
                "path": "::setup"
            }
        },
        "checks": {
            "market_app_download status": {
                "path": "::market_app_download status",
                "id": "456734c134e0667f092e19c014d5b24d",
                "passes": 12000,
                "fails": 0,
                "name": "market_app_download status"
            }
        },
        "name": "",
        "path": "",
        "id": "d41d8cd98f00b204e9800998ecf8427e"
    },
    "metrics": {
        "iteration_duration": {
            "min": 2.331953,
            "med": 3.2168215,
            "max": 62.499864,
            "p(90)": 3.6052252,
            "p(95)": 3.8701954499999993,
            "avg": 3.2544812189166508
        },
        "http_req_sending": {
            "max": 0.199258,
            "p(90)": 0.021824,
            "p(95)": 0.02513,
            "avg": 0.01683825056245306,
            "min": 0.005291,
            "med": 0.01772
        },
        "checks": {
            "passes": 12001,
            "fails": 0,
            "thresholds": {
                "rate>0.95": false
            },
            "value": 1
        },
        "http_reqs": {
            "count": 12001,
            "rate": 199.95352082824252
        },
        "data_sent": {
            "count": 2295048,
            "rate": 38238.724112142016
        },
        "http_req_connecting": {
            "avg": 0.007477023581368215,
            "min": 0,
            "med": 0,
            "max": 17.388354,
            "p(90)": 0,
            "p(95)": 0
        },
        "data_received": {
            "count": 13430148,
            "rate": 223765.13439249893
        },
        "vus": {
            "min": 0,
            "max": 1,
            "value": 0
        },
        "http_req_duration{expected_response:true}": {
            "p(95)": 3.61286,
            "avg": 3.0788488543454626,
            "min": 2.235656,
            "med": 3.036466,
            "max": 62.369918,
            "p(90)": 3.394866
        },
        "http_req_duration": {
            "med": 3.036466,
            "max": 62.369918,
            "p(90)": 3.394866,
            "p(95)": 3.61286,
            "avg": 3.0788488543454626,
            "min": 2.235656,
            "thresholds": {
                "p(95)<1500": false
            }
        },
        "vus_max": {
            "value": 150,
            "min": 150,
            "max": 150
        },
        "http_req_receiving": {
            "max": 0.596989,
            "p(90)": 0.090906,
            "p(95)": 0.100958,
            "avg": 0.06916657786851166,
            "min": 0.021064,
            "med": 0.071923
        },
        "http_req_failed": {
            "passes": 0,
            "fails": 12001,
            "thresholds": {
                "rate<0.05": false
            },
            "value": 0
        },
        "http_req_tls_handshaking": {
            "med": 0,
            "max": 0,
            "p(90)": 0,
            "p(95)": 0,
            "avg": 0,
            "min": 0
        },
        "http_req_blocked": {
            "p(95)": 0.007806,
            "avg": 0.013395708440963194,
            "min": 0.001677,
            "med": 0.005367,
            "max": 17.432079,
            "p(90)": 0.006754
        },
        "http_req_waiting": {
            "avg": 2.9928440259144993,
            "min": 2.190385,
            "med": 2.942725,
            "max": 62.272105,
            "p(90)": 3.28876,
            "p(95)": 3.485345
        },
        "iterations": {
            "count": 12000,
            "rate": 199.93685942329057
        }
    }
}