{
    "metrics": {
        "data_sent": {
            "count": 61876,
            "rate": 993.2635472867336
        },
        "data_received": {
            "count": 0,
            "rate": 0
        },
        "http_req_waiting": {
            "p(95)": 2179.14650325,
            "avg": 286.32371791905445,
            "min": 0,
            "med": 0,
            "max": 2527.01815,
            "p(90)": 1830.5822309999999
        },
        "http_req_duration": {
            "p(95)": 2179.20512675,
            "avg": 286.33953807163334,
            "min": 0,
            "med": 0,
            "max": 2527.093896,
            "p(90)": 1830.628011,
            "thresholds": {
                "p(95)<1500": true
            }
        },
        "dropped_iterations": {
            "count": 10605,
            "rate": 170.2366009272708
        },
        "vus": {
            "value": 157,
            "min": 11,
            "max": 200
        },
        "checks": {
            "passes": 0,
            "fails": 1396,
            "thresholds": {
                "rate>0.95": true
            },
            "value": 0
        },
        "vus_max": {
            "value": 200,
            "min": 174,
            "max": 200
        },
        "http_req_blocked": {
            "p(95)": 0.28585575,
            "avg": 0.06625093982808028,
            "min": 0,
            "med": 0,
            "max": 13.09475,
            "p(90)": 0.2343155
        },
        "http_req_tls_handshaking": {
            "max": 0,
            "p(90)": 0,
            "p(95)": 0,
            "avg": 0,
            "min": 0,
            "med": 0
        },
        "http_req_receiving": {
            "avg": 0,
            "min": 0,
            "med": 0,
            "max": 0,
            "p(90)": 0,
            "p(95)": 0
        },
        "http_reqs": {
            "rate": 22.409268731208872,
            "count": 1396
        },
        "iteration_duration": {
            "min": 0.302055,
            "med": 2941.0800785,
            "max": 30001.312981,
            "p(90)": 30000.4667225,
            "p(95)": 30000.80541,
            "avg": 8408.687773864596
        },
        "http_req_failed": {
            "passes": 1396,
            "fails": 0,
            "thresholds": {
                "rate<0.05": true
            },
            "value": 1
        },
        "http_req_connecting": {
            "p(90)": 0.17118650000000002,
            "p(95)": 0.2101585,
            "avg": 0.05298427363896849,
            "min": 0,
            "med": 0,
            "max": 13.037005
        },
        "iterations": {
            "count": 1396,
            "rate": 22.409268731208872
        },
        "http_req_sending": {
            "avg": 0.01582015257879656,
            "min": 0,
            "med": 0,
            "max": 1.261438,
            "p(90)": 0.067181,
            "p(95)": 0.08675325
        }
    },
    "root_group": {
        "name": "",
        "path": "",
        "id": "d41d8cd98f00b204e9800998ecf8427e",
        "groups": {},
        "checks": {
                "iam_register status": {
                    "name": "iam_register status",
                    "path": "::iam_register status",
                    "id": "ca7c9faf580fe10f890d8f9990ed2eb9",
                    "passes": 0,
                    "fails": 1396
                }
            }
    }
}