{
    "root_group": {
        "groups": {
            "setup": {
                "name": "setup",
                "path": "::setup",
                "id": "5c0f8025f7e0b6654089e5b00e950f1a",
                "groups": {},
                "checks": {
                        "iam_group_create_seed status": {
                            "fails": 0,
                            "name": "iam_group_create_seed status",
                            "path": "::setup::iam_group_create_seed status",
                            "id": "3bb63f3cf774d33ab14eab88aa1ffeb3",
                            "passes": 1
                        }
                    }
            }
        },
        "checks": {
            "iam_group_detail status": {
                "passes": 18001,
                "fails": 0,
                "name": "iam_group_detail status",
                "path": "::iam_group_detail status",
                "id": "0c1f95dda5f33579df06bb5f8ef054a7"
            }
        },
        "name": "",
        "path": "",
        "id": "d41d8cd98f00b204e9800998ecf8427e"
    },
    "metrics": {
        "http_req_duration": {
            "avg": 3.5807245977669204,
            "min": 0.280413,
            "med": 0.948155,
            "max": 47652.525302,
            "p(90)": 1.1860293,
            "p(95)": 1.2842209,
            "thresholds": {
                "p(95)<1500": false
            }
        },
        "http_req_failed": {
            "fails": 18002,
            "passes": 0,
            "thresholds": {
                "rate<0.05": false
            },
            "value": 0
        },
        "iteration_duration": {
            "avg": 1.1065007164046463,
            "min": 0.38993,
            "med": 1.119507,
            "max": 66.329869,
            "p(90)": 1.385557,
            "p(95)": 1.505471
        },
        "vus": {
            "value": 1,
            "min": 0,
            "max": 1
        },
        "http_req_blocked": {
            "avg": 0.013203223752916325,
            "min": 0.001352,
            "med": 0.0052195,
            "max": 17.762627,
            "p(90)": 0.0066909,
            "p(95)": 0.00762395
        },
        "checks": {
            "passes": 18002,
            "fails": 0,
            "thresholds": {
                "rate>0.95": false
            },
            "value": 1
        },
        "http_req_sending": {
            "p(95)": 0.024859050000000014,
            "avg": 0.016806707865792653,
            "min": 0.004698,
            "med": 0.017388,
            "max": 0.695382,
            "p(90)": 0.022134
        },
        "http_req_waiting": {
            "max": 47652.290494,
            "p(90)": 1.1061712,
            "p(95)": 1.1965756,
            "avg": 3.5132676623708745,
            "min": 0.24779,
            "med": 0.877491
        },
        "http_req_receiving": {
            "p(90)": 0.0675954,
            "p(95)": 0.07477625,
            "avg": 0.050650227530274455,
            "min": 0.012255,
            "med": 0.0516765,
            "max": 0.562636
        },
        "iterations": {
            "count": 18001,
            "rate": 167.20322206014475
        },
        "http_req_connecting": {
            "min": 0,
            "med": 0,
            "max": 17.68166,
            "p(90)": 0,
            "p(95)": 0,
            "avg": 0.0073253185757138125
        },
        "http_req_duration{expected_response:true}": {
            "med": 0.948155,
            "max": 47652.525302,
            "p(90)": 1.1860293,
            "p(95)": 1.2842209,
            "avg": 3.5807245977669204,
            "min": 0.280413
        },
        "data_received": {
            "count": 11995643,
            "rate": 111422.15211839459
        },
        "vus_max": {
            "value": 150,
            "min": 150,
            "max": 150
        },
        "http_reqs": {
            "count": 18002,
            "rate": 167.21251061200633
        },
        "data_sent": {
            "count": 3210990,
            "rate": 29825.44714198679
        },
        "http_req_tls_handshaking": {
            "p(90)": 0,
            "p(95)": 0,
            "avg": 0,
            "min": 0,
            "med": 0,
            "max": 0
        }
    },
    "setup_data": {
        "cookies": {},
        "groupID": "019ee065-e880-7f11-91e9-20f5d003412d"
    }
}