{
    "root_group": {
        "name": "",
        "path": "",
        "id": "d41d8cd98f00b204e9800998ecf8427e",
        "groups": {
            "setup": {
                "name": "setup",
                "path": "::setup",
                "id": "5c0f8025f7e0b6654089e5b00e950f1a",
                "groups": {},
                "checks": {
                        "iam_group_create_seed status": {
                            "passes": 1,
                            "fails": 0,
                            "name": "iam_group_create_seed status",
                            "path": "::setup::iam_group_create_seed status",
                            "id": "3bb63f3cf774d33ab14eab88aa1ffeb3"
                        }
                    }
            }
        },
        "checks": {
            "iam_group_update status": {
                "name": "iam_group_update status",
                "path": "::iam_group_update status",
                "id": "bfb2ab5269587aea485b7d5fbe66e70a",
                "passes": 18001,
                "fails": 0
            }
        }
    },
    "metrics": {
        "http_req_waiting": {
            "avg": 3.3847004875569318,
            "min": 2.031205,
            "med": 2.7598675,
            "max": 201.549524,
            "p(90)": 3.4353681,
            "p(95)": 4.644623350000004
        },
        "http_req_duration{expected_response:true}": {
            "avg": 3.456112124208415,
            "min": 2.067312,
            "med": 2.836891,
            "max": 201.608286,
            "p(90)": 3.5262914,
            "p(95)": 4.725460050000001
        },
        "data_sent": {
            "count": 5107617,
            "rate": 85108.89763399478
        },
        "http_req_tls_handshaking": {
            "avg": 0,
            "min": 0,
            "med": 0,
            "max": 0,
            "p(90)": 0,
            "p(95)": 0
        },
        "http_req_duration": {
            "max": 201.608286,
            "p(90)": 3.5262914,
            "p(95)": 4.725460050000001,
            "avg": 3.456112124208415,
            "min": 2.067312,
            "med": 2.836891,
            "thresholds": {
                "p(95)<1500": false
            }
        },
        "vus": {
            "value": 1,
            "min": 0,
            "max": 22
        },
        "http_req_sending": {
            "avg": 0.01992016853682919,
            "min": 0.005733,
            "med": 0.018999,
            "max": 0.789943,
            "p(90)": 0.0272589,
            "p(95)": 0.03148375000000002
        },
        "http_req_connecting": {
            "avg": 0.005579623875124985,
            "min": 0,
            "med": 0,
            "max": 15.145057,
            "p(90)": 0,
            "p(95)": 0
        },
        "http_req_blocked": {
            "p(95)": 0.007759900000000002,
            "avg": 0.011124370292189795,
            "min": 0.001512,
            "med": 0.0050165,
            "max": 15.20812,
            "p(90)": 0.006727899999999999
        },
        "http_req_receiving": {
            "med": 0.0507485,
            "max": 2.742764,
            "p(90)": 0.0738392,
            "p(95)": 0.08390170000000001,
            "avg": 0.05149146811465412,
            "min": 0.011545
        },
        "iterations": {
            "count": 18001,
            "rate": 299.95304391647613
        },
        "vus_max": {
            "value": 150,
            "min": 150,
            "max": 150
        },
        "http_req_failed": {
            "passes": 0,
            "fails": 18002,
            "thresholds": {
                "rate<0.05": false
            },
            "value": 0
        },
        "checks": {
            "fails": 0,
            "passes": 18002,
            "thresholds": {
                "rate>0.95": false
            },
            "value": 1
        },
        "http_reqs": {
            "count": 18002,
            "rate": 299.96970704874195
        },
        "iteration_duration": {
            "avg": 3.6439236694072448,
            "min": 2.169238,
            "med": 3.031846,
            "max": 201.783359,
            "p(90)": 3.762482,
            "p(95)": 4.929405
        },
        "data_received": {
            "count": 3751176,
            "rate": 62506.34184025506
        }
    },
    "setup_data": {
        "cookies": {},
        "groupID": "019ee066-f398-7a03-a237-0a1ccfcf9617"
    }
}