{
    "root_group": {
        "checks": {
            "market_rank_daily status": {
                "id": "3b0bd671acffdc49b7901d83dec83a1f",
                "passes": 36001,
                "fails": 0,
                "name": "market_rank_daily status",
                "path": "::market_rank_daily status"
            }
        },
        "name": "",
        "path": "",
        "id": "d41d8cd98f00b204e9800998ecf8427e",
        "groups": {}
    },
    "metrics": {
        "iterations": {
            "count": 36001,
            "rate": 599.993751985288
        },
        "checks": {
            "passes": 36001,
            "fails": 0,
            "thresholds": {
                "rate>0.95": false
            },
            "value": 1
        },
        "iteration_duration": {
            "avg": 0.9521945891225252,
            "min": 0.391769,
            "med": 1.02876,
            "max": 15.055172,
            "p(90)": 1.197935,
            "p(95)": 1.255761
        },
        "http_req_failed": {
            "passes": 0,
            "fails": 36001,
            "thresholds": {
                "rate<0.05": false
            },
            "value": 0
        },
        "http_reqs": {
            "count": 36001,
            "rate": 599.993751985288
        },
        "http_req_duration": {
            "med": 0.885698,
            "max": 6.949396,
            "p(90)": 1.030108,
            "p(95)": 1.080741,
            "avg": 0.8104996207883095,
            "min": 0.330629,
            "thresholds": {
                "p(95)<1500": false
            }
        },
        "http_req_waiting": {
            "med": 0.820285,
            "max": 6.753179,
            "p(90)": 0.95801,
            "p(95)": 1.006035,
            "avg": 0.7501565920113318,
            "min": 0.296439
        },
        "data_sent": {
            "rate": 100691.93775383622,
            "count": 6041747
        },
        "http_req_connecting": {
            "p(95)": 0,
            "avg": 0.0029246627871448026,
            "min": 0,
            "med": 0,
            "max": 13.297459,
            "p(90)": 0
        },
        "http_req_receiving": {
            "p(95)": 0.067603,
            "avg": 0.0460797450626373,
            "min": 0.010757,
            "med": 0.048122,
            "max": 0.458748,
            "p(90)": 0.061865
        },
        "vus": {
            "value": 1,
            "min": 0,
            "max": 2
        },
        "http_req_sending": {
            "min": 0.003623,
            "med": 0.013193,
            "max": 1.446562,
            "p(90)": 0.019595,
            "p(95)": 0.020952,
            "avg": 0.014263283714341211
        },
        "vus_max": {
            "value": 150,
            "min": 150,
            "max": 150
        },
        "http_req_blocked": {
            "avg": 0.007653120941084959,
            "min": 0.001259,
            "med": 0.004441,
            "max": 13.411621,
            "p(90)": 0.005913,
            "p(95)": 0.006458
        },
        "data_received": {
            "rate": 1040882.1471147825,
            "count": 62455314
        },
        "http_req_duration{expected_response:true}": {
            "min": 0.330629,
            "med": 0.885698,
            "max": 6.949396,
            "p(90)": 1.030108,
            "p(95)": 1.080741,
            "avg": 0.8104996207883095
        },
        "http_req_tls_handshaking": {
            "avg": 0,
            "min": 0,
            "med": 0,
            "max": 0,
            "p(90)": 0,
            "p(95)": 0
        }
    }
}