{
    "root_group": {
        "name": "",
        "path": "",
        "id": "d41d8cd98f00b204e9800998ecf8427e",
        "groups": {},
        "checks": {
                "market_apps_list status": {
                    "id": "9f79e1366fd6857d6a8f8c6c2ff256c6",
                    "passes": 36001,
                    "fails": 0,
                    "name": "market_apps_list status",
                    "path": "::market_apps_list status"
                }
            }
    },
    "metrics": {
        "http_req_connecting": {
            "max": 19.938812,
            "p(90)": 0,
            "p(95)": 0,
            "avg": 0.005156719757784506,
            "min": 0,
            "med": 0
        },
        "http_req_failed": {
            "passes": 0,
            "fails": 36001,
            "thresholds": {
                "rate<0.05": false
            },
            "value": 0
        },
        "http_req_blocked": {
            "avg": 0.010032462931585237,
            "min": 0.001244,
            "med": 0.004353,
            "max": 20.015204,
            "p(90)": 0.006162,
            "p(95)": 0.006753
        },
        "data_received": {
            "count": 506815657,
            "rate": 8446670.913046282
        },
        "http_req_sending": {
            "max": 0.274165,
            "p(90)": 0.019887,
            "p(95)": 0.021466,
            "avg": 0.013913062026054702,
            "min": 0.003584,
            "med": 0.012536
        },
        "http_req_tls_handshaking": {
            "max": 0,
            "p(90)": 0,
            "p(95)": 0,
            "avg": 0,
            "min": 0,
            "med": 0
        },
        "vus_max": {
            "value": 150,
            "min": 150,
            "max": 150
        },
        "checks": {
            "passes": 36001,
            "fails": 0,
            "thresholds": {
                "rate>0.95": false
            },
            "value": 1
        },
        "vus": {
            "value": 0,
            "min": 0,
            "max": 3
        },
        "iteration_duration": {
            "max": 36.068461,
            "p(90)": 2.244037,
            "p(95)": 2.332871,
            "avg": 1.7465932303269522,
            "min": 0.972076,
            "med": 1.747141
        },
        "http_req_duration{expected_response:true}": {
            "max": 18.602351,
            "p(90)": 2.072635,
            "p(95)": 2.157895,
            "avg": 1.6022362219660564,
            "min": 0.907708,
            "med": 1.604502
        },
        "http_req_waiting": {
            "avg": 1.481565754895713,
            "min": 0.836016,
            "med": 1.494692,
            "max": 18.398976,
            "p(90)": 1.908422,
            "p(95)": 1.981466
        },
        "http_req_duration": {
            "med": 1.604502,
            "max": 18.602351,
            "p(90)": 2.072635,
            "p(95)": 2.157895,
            "avg": 1.6022362219660564,
            "min": 0.907708,
            "thresholds": {
                "p(95)<1500": false
            }
        },
        "data_sent": {
            "count": 5861742,
            "rate": 97692.7310104426
        },
        "iterations": {
            "count": 36001,
            "rate": 599.9984320543183
        },
        "http_reqs": {
            "count": 36001,
            "rate": 599.9984320543183
        },
        "http_req_receiving": {
            "p(90)": 0.161737,
            "p(95)": 0.180244,
            "avg": 0.10675740504430373,
            "min": 0.016891,
            "med": 0.092263,
            "max": 3.188739
        }
    }
}