{
    "root_group": {
        "name": "",
        "path": "",
        "id": "d41d8cd98f00b204e9800998ecf8427e",
        "groups": {},
        "checks": {
                "iam_login status": {
                    "name": "iam_login status",
                    "path": "::iam_login status",
                    "id": "027f382f20360300f3948fad8747b531",
                    "passes": 80,
                    "fails": 629
                }
            }
    },
    "metrics": {
        "dropped_iterations": {
            "count": 11292,
            "rate": 174.61824151240472
        },
        "http_req_receiving": {
            "med": 0,
            "max": 0.411031,
            "p(90)": 0.05678520000000001,
            "p(95)": 0.08970640000000003,
            "avg": 0.009764318758815232,
            "min": 0
        },
        "http_req_connecting": {
            "p(95)": 0.249896,
            "avg": 0.1857104259520452,
            "min": 0,
            "med": 0,
            "max": 19.937022,
            "p(90)": 0.21793220000000002
        },
        "http_req_sending": {
            "p(95)": 0.0938786,
            "avg": 0.02508911847672779,
            "min": 0,
            "med": 0,
            "max": 0.184695,
            "p(90)": 0.08433260000000001
        },
        "vus": {
            "value": 137,
            "min": 64,
            "max": 200
        },
        "http_reqs": {
            "count": 709,
            "rate": 10.963897735768239
        },
        "data_received": {
            "count": 69202,
            "rate": 1070.1320890135876
        },
        "data_sent": {
            "rate": 1040.0084320470482,
            "count": 67254
        },
        "iterations": {
            "count": 709,
            "rate": 10.963897735768239
        },
        "http_req_blocked": {
            "min": 0,
            "med": 0,
            "max": 20.019415,
            "p(90)": 0.2938488,
            "p(95)": 0.33608140000000003,
            "avg": 0.20760182651621994
        },
        "http_req_tls_handshaking": {
            "min": 0,
            "med": 0,
            "max": 0,
            "p(90)": 0,
            "p(95)": 0,
            "avg": 0
        },
        "http_req_waiting": {
            "max": 3501.426969,
            "p(90)": 2895.2470470000007,
            "p(95)": 3090.0983122000002,
            "avg": 839.1668167165026,
            "min": 0,
            "med": 0
        },
        "iteration_duration": {
            "min": 0.205247,
            "med": 30000.381089,
            "max": 30001.519472,
            "p(90)": 30001.1689214,
            "p(95)": 30001.294521,
            "avg": 17756.87815138505
        },
        "http_req_duration": {
            "avg": 839.2016701537376,
            "min": 0,
            "med": 0,
            "max": 3501.513384,
            "p(90)": 2895.3534692000007,
            "p(95)": 3090.2090736000005,
            "thresholds": {
                "p(95)<1500": true
            }
        },
        "http_req_duration{expected_response:true}": {
            "p(90)": 2655.8266687,
            "p(95)": 2906.53110015,
            "avg": 1631.7256842249994,
            "min": 116.66298,
            "med": 1665.1753995,
            "max": 3184.196061
        },
        "http_req_failed": {
            "passes": 629,
            "fails": 80,
            "thresholds": {
                "rate<0.05": true
            },
            "value": 0.8871650211565585
        },
        "vus_max": {
            "value": 200,
            "min": 165,
            "max": 200
        },
        "checks": {
            "passes": 80,
            "fails": 629,
            "thresholds": {
                "rate>0.95": true
            },
            "value": 0.11283497884344147
        }
    }
}