{
    "root_group": {
        "id": "d41d8cd98f00b204e9800998ecf8427e",
        "groups": {},
        "checks": {
                "market_rank_total status": {
                    "passes": 36001,
                    "fails": 0,
                    "name": "market_rank_total status",
                    "path": "::market_rank_total status",
                    "id": "73d47abc2bc94b9babd69f48cb593ea7"
                }
            },
        "name": "",
        "path": ""
    },
    "metrics": {
        "iteration_duration": {
            "avg": 0.9272531189411344,
            "min": 0.388771,
            "med": 1.003648,
            "max": 14.667408,
            "p(90)": 1.188855,
            "p(95)": 1.245905
        },
        "http_req_duration{expected_response:true}": {
            "avg": 0.788162718146722,
            "min": 0.329631,
            "med": 0.86611,
            "max": 4.384709,
            "p(90)": 1.02133,
            "p(95)": 1.072227
        },
        "http_req_waiting": {
            "avg": 0.729219642259945,
            "min": 0.304569,
            "med": 0.803285,
            "max": 4.308596,
            "p(90)": 0.950019,
            "p(95)": 0.999659
        },
        "data_received": {
            "count": 62455314,
            "rate": 1040892.3512520219
        },
        "vus_max": {
            "value": 150,
            "min": 150,
            "max": 150
        },
        "http_req_blocked": {
            "p(95)": 0.006399,
            "avg": 0.00794897177856167,
            "min": 0.001186,
            "med": 0.004176,
            "max": 12.989347,
            "p(90)": 0.005886
        },
        "http_req_sending": {
            "avg": 0.013901847115357906,
            "min": 0.003678,
            "med": 0.012322,
            "max": 0.206008,
            "p(90)": 0.019488,
            "p(95)": 0.020796
        },
        "vus": {
            "value": 0,
            "min": 0,
            "max": 2
        },
        "http_req_receiving": {
            "avg": 0.045041228771422866,
            "min": 0.010491,
            "med": 0.04707,
            "max": 0.615765,
            "p(90)": 0.06095,
            "p(95)": 0.06658
        },
        "data_sent": {
            "count": 6041747,
            "rate": 100692.92487265135
        },
        "http_req_tls_handshaking": {
            "med": 0,
            "max": 0,
            "p(90)": 0,
            "p(95)": 0,
            "avg": 0,
            "min": 0
        },
        "http_req_connecting": {
            "med": 0,
            "max": 12.927102,
            "p(90)": 0,
            "p(95)": 0,
            "avg": 0.003306195911224686,
            "min": 0
        },
        "http_req_failed": {
            "passes": 0,
            "fails": 36001,
            "thresholds": {
                "rate<0.05": false
            },
            "value": 0
        },
        "iterations": {
            "count": 36001,
            "rate": 599.9996339370584
        },
        "checks": {
            "passes": 36001,
            "fails": 0,
            "thresholds": {
                "rate>0.95": false
            },
            "value": 1
        },
        "http_reqs": {
            "count": 36001,
            "rate": 599.9996339370584
        },
        "http_req_duration": {
            "avg": 0.788162718146722,
            "min": 0.329631,
            "med": 0.86611,
            "max": 4.384709,
            "p(90)": 1.02133,
            "p(95)": 1.072227,
            "thresholds": {
                "p(95)<1500": false
            }
        }
    }
}