{
    "root_group": {
        "path": "",
        "id": "d41d8cd98f00b204e9800998ecf8427e",
        "groups": {},
        "checks": {
                "iam_permissions_list status": {
                    "fails": 0,
                    "name": "iam_permissions_list status",
                    "path": "::iam_permissions_list status",
                    "id": "e66173a502eae604362f9cc6c6bd5273",
                    "passes": 108713
                }
            },
        "name": ""
    },
    "metrics": {
        "http_req_duration{expected_response:true}": {
            "avg": 9.101007956288676,
            "min": 0.155523,
            "med": 5.536385,
            "max": 120.510969,
            "p(90)": 21.507142800000015,
            "p(95)": 33.914463599999976
        },
        "http_req_waiting": {
            "p(95)": 33.86898179999999,
            "avg": 9.058346815606152,
            "min": 0.13181,
            "med": 5.493399,
            "max": 120.449482,
            "p(90)": 21.462487400000004
        },
        "http_req_receiving": {
            "min": 0.00436,
            "med": 0.030233,
            "max": 2.680829,
            "p(90)": 0.05105640000000001,
            "p(95)": 0.059035399999999995,
            "avg": 0.033606379200279875
        },
        "data_received": {
            "count": 205501323,
            "rate": 10261974.732818775
        },
        "http_req_tls_handshaking": {
            "avg": 0,
            "min": 0,
            "med": 0,
            "max": 0,
            "p(90)": 0,
            "p(95)": 0
        },
        "iterations": {
            "count": 108713,
            "rate": 5428.724461929267
        },
        "http_req_sending": {
            "max": 3.613366,
            "p(90)": 0.013967800000000002,
            "p(95)": 0.016446399999999993,
            "avg": 0.009054761482067575,
            "min": 0.001433,
            "med": 0.007918
        },
        "checks": {
            "passes": 108713,
            "fails": 0,
            "thresholds": {
                "rate>0.95": false
            },
            "value": 1
        },
        "http_req_failed": {
            "passes": 0,
            "fails": 108713,
            "thresholds": {
                "rate<0.05": false
            },
            "value": 0
        },
        "http_reqs": {
            "rate": 5428.724461929267,
            "count": 108713
        },
        "vus": {
            "value": 50,
            "min": 50,
            "max": 50
        },
        "http_req_duration": {
            "avg": 9.101007956288676,
            "min": 0.155523,
            "med": 5.536385,
            "max": 120.510969,
            "p(90)": 21.507142800000015,
            "p(95)": 33.914463599999976,
            "thresholds": {
                "p(95)<1500": false
            }
        },
        "data_sent": {
            "count": 16449416,
            "rate": 821422.8935237798
        },
        "http_req_blocked": {
            "max": 1.086031,
            "p(90)": 0.004036,
            "p(95)": 0.004674,
            "avg": 0.003152580951680169,
            "min": 0.000416,
            "med": 0.002468
        },
        "http_req_connecting": {
            "max": 0.573523,
            "p(90)": 0,
            "p(95)": 0,
            "avg": 0.00018544611959931203,
            "min": 0,
            "med": 0
        },
        "vus_max": {
            "value": 50,
            "min": 50,
            "max": 50
        },
        "iteration_duration": {
            "p(90)": 21.60719280000001,
            "p(95)": 34.0100112,
            "avg": 9.194197105093256,
            "min": 0.200636,
            "med": 5.630406,
            "max": 120.572506
        }
    },
    "setup_data": {
        "cookies": {}
    }
}