{
    "root_group": {
        "groups": {},
        "checks": {
                "market_apps_list status": {
                    "path": "::market_apps_list status",
                    "id": "9f79e1366fd6857d6a8f8c6c2ff256c6",
                    "passes": 109,
                    "fails": 912079,
                    "name": "market_apps_list status"
                }
            },
        "name": "",
        "path": "",
        "id": "d41d8cd98f00b204e9800998ecf8427e"
    },
    "metrics": {
        "http_req_duration{expected_response:true}": {
            "avg": 13.870356623853214,
            "min": 2.306867,
            "med": 12.458272,
            "max": 45.638358,
            "p(90)": 24.0461116,
            "p(95)": 29.501361199999987
        },
        "checks": {
            "passes": 109,
            "fails": 912079,
            "thresholds": {
                "rate>0.95": true
            },
            "value": 0.00011949291154893509
        },
        "http_req_connecting": {
            "avg": 0.000015953282656645334,
            "min": 0,
            "med": 0,
            "max": 0.666476,
            "p(90)": 0,
            "p(95)": 0
        },
        "http_req_tls_handshaking": {
            "avg": 0,
            "min": 0,
            "med": 0,
            "max": 0,
            "p(90)": 0,
            "p(95)": 0
        },
        "http_req_sending": {
            "med": 0.005144,
            "max": 5.349462,
            "p(90)": 0.009376,
            "p(95)": 0.011428,
            "avg": 0.006419991348274965,
            "min": 0.001254
        },
        "vus_max": {
            "value": 50,
            "min": 50,
            "max": 50
        },
        "http_req_failed": {
            "passes": 912079,
            "fails": 109,
            "thresholds": {
                "rate<0.05": true
            },
            "value": 0.9998805070884511
        },
        "vus": {
            "max": 50,
            "value": 50,
            "min": 50
        },
        "http_req_blocked": {
            "avg": 0.0020895601049345167,
            "min": 0.000376,
            "med": 0.001637,
            "max": 2.944782,
            "p(90)": 0.003053,
            "p(95)": 0.003742
        },
        "http_req_duration": {
            "avg": 1.0226732965627974,
            "min": 0.024128,
            "med": 0.671848,
            "max": 48.774665,
            "p(90)": 1.8530046000000002,
            "p(95)": 2.6656744499999987,
            "thresholds": {
                "p(95)<1500": false
            }
        },
        "http_req_waiting": {
            "max": 48.76112,
            "p(90)": 1.8208626,
            "p(95)": 2.62235689999999,
            "avg": 0.996670248138577,
            "min": 0.018513,
            "med": 0.64767
        },
        "iteration_duration": {
            "avg": 1.0892976506597551,
            "min": 0.042078,
            "med": 0.734144,
            "max": 48.815297,
            "p(90)": 1.9335377000000014,
            "p(95)": 2.7697084999999935
        },
        "iterations": {
            "count": 912188,
            "rate": 45606.71395609619
        },
        "http_req_receiving": {
            "max": 19.962298,
            "p(90)": 0.028782,
            "p(95)": 0.03536,
            "avg": 0.01958305707595299,
            "min": 0.003494,
            "med": 0.01507
        },
        "data_sent": {
            "count": 149790043,
            "rate": 7489061.075756694
        },
        "data_received": {
            "count": 238859168,
            "rate": 11942255.051334947
        },
        "http_reqs": {
            "count": 912188,
            "rate": 45606.71395609619
        }
    }
}