{
    "root_group": {
        "path": "",
        "id": "d41d8cd98f00b204e9800998ecf8427e",
        "groups": {},
        "checks": {
                "iam_profile_avatar status": {
                    "path": "::iam_profile_avatar status",
                    "id": "2a8f5969876cb9390600c16d75f4c628",
                    "passes": 5783,
                    "fails": 0,
                    "name": "iam_profile_avatar status"
                }
            },
        "name": ""
    },
    "metrics": {
        "http_req_waiting": {
            "p(90)": 400.9920708,
            "p(95)": 526.4708041999996,
            "avg": 173.20840970932065,
            "min": 13.12402,
            "med": 117.211755,
            "max": 1396.867957
        },
        "http_req_duration": {
            "avg": 173.26207236520855,
            "min": 13.191598,
            "med": 117.28336,
            "max": 1396.913415,
            "p(90)": 401.0542728,
            "p(95)": 526.5521492999997,
            "thresholds": {
                "p(95)<1500": false
            }
        },
        "checks": {
            "passes": 5783,
            "fails": 0,
            "thresholds": {
                "rate>0.95": false
            },
            "value": 1
        },
        "data_sent": {
            "count": 3485799,
            "rate": 173349.55836664274
        },
        "vus": {
            "max": 50,
            "value": 50,
            "min": 50
        },
        "http_req_connecting": {
            "avg": 0.001863507694968009,
            "min": 0,
            "med": 0,
            "max": 0.641534,
            "p(90)": 0,
            "p(95)": 0
        },
        "iteration_duration": {
            "p(95)": 526.6546239999997,
            "avg": 173.38819578263877,
            "min": 13.387536,
            "med": 117.365777,
            "max": 1397.041309,
            "p(90)": 401.21489060000005
        },
        "http_req_duration{expected_response:true}": {
            "med": 117.28336,
            "max": 1396.913415,
            "p(90)": 401.0542728,
            "p(95)": 526.5521492999997,
            "avg": 173.26207236520855,
            "min": 13.191598
        },
        "http_req_blocked": {
            "avg": 0.011009477088016629,
            "min": 0.001144,
            "med": 0.002516,
            "max": 1.911882,
            "p(90)": 0.0038278,
            "p(95)": 0.0043479
        },
        "http_req_receiving": {
            "p(95)": 0.06474259999999997,
            "avg": 0.041367284454435445,
            "min": 0.014739,
            "med": 0.039749,
            "max": 0.198468,
            "p(90)": 0.0577094
        },
        "vus_max": {
            "value": 50,
            "min": 50,
            "max": 50
        },
        "http_req_tls_handshaking": {
            "med": 0,
            "max": 0,
            "p(90)": 0,
            "p(95)": 0,
            "avg": 0,
            "min": 0
        },
        "iterations": {
            "count": 5783,
            "rate": 287.5898742395345
        },
        "http_req_sending": {
            "med": 0.010109,
            "max": 0.949552,
            "p(90)": 0.0159028,
            "p(95)": 0.01784349999999999,
            "avg": 0.012295371433512009,
            "min": 0.004454
        },
        "http_req_failed": {
            "passes": 0,
            "fails": 5783,
            "thresholds": {
                "rate<0.05": false
            },
            "value": 0
        },
        "data_received": {
            "count": 3758275,
            "rate": 186899.85035579914
        },
        "http_reqs": {
            "count": 5783,
            "rate": 287.5898742395345
        }
    },
    "setup_data": {
        "cookies": {}
    }
}