{
    "root_group": {
        "checks": {
            "market_apps_search status": {
                "passes": 110,
                "fails": 916255,
                "name": "market_apps_search status",
                "path": "::market_apps_search status",
                "id": "8e903a6ef01e2cf0f65f676cc90989f7"
            }
        },
        "name": "",
        "path": "",
        "id": "d41d8cd98f00b204e9800998ecf8427e",
        "groups": {}
    },
    "metrics": {
        "http_req_duration": {
            "avg": 1.018913136265533,
            "min": 0.027256,
            "med": 0.653115,
            "max": 80.842145,
            "p(90)": 1.8852433999999996,
            "p(95)": 2.6812283999999966,
            "thresholds": {
                "p(95)<1500": false
            }
        },
        "http_reqs": {
            "count": 916365,
            "rate": 45808.390662368154
        },
        "http_req_sending": {
            "p(90)": 0.0097,
            "p(95)": 0.011797,
            "avg": 0.0064829272931639145,
            "min": 0.001233,
            "med": 0.005158,
            "max": 4.003739
        },
        "http_req_blocked": {
            "p(95)": 0.003749,
            "avg": 0.0020599711414119298,
            "min": 0.000363,
            "med": 0.001593,
            "max": 4.33268,
            "p(90)": 0.003047
        },
        "http_req_connecting": {
            "p(95)": 0,
            "avg": 0.000021918176709062435,
            "min": 0,
            "med": 0,
            "max": 0.806697,
            "p(90)": 0
        },
        "vus": {
            "value": 50,
            "min": 50,
            "max": 50
        },
        "http_req_tls_handshaking": {
            "avg": 0,
            "min": 0,
            "med": 0,
            "max": 0,
            "p(90)": 0,
            "p(95)": 0
        },
        "http_req_failed": {
            "passes": 916255,
            "fails": 110,
            "thresholds": {
                "rate<0.05": true
            },
            "value": 0.9998799604960905
        },
        "data_received": {
            "rate": 12087231.065862056,
            "count": 241796652
        },
        "checks": {
            "passes": 110,
            "fails": 916255,
            "thresholds": {
                "rate>0.95": true
            },
            "value": 0.00012003950390946839
        },
        "http_req_waiting": {
            "med": 0.628885,
            "max": 80.813025,
            "p(90)": 1.8518605999999997,
            "p(95)": 2.6423853999999927,
            "avg": 0.9933590055425681,
            "min": 0.020619
        },
        "data_sent": {
            "rate": 9446335.965582443,
            "count": 188967382
        },
        "iterations": {
            "rate": 45808.390662368154,
            "count": 916365
        },
        "http_req_duration{expected_response:true}": {
            "avg": 14.217841499999997,
            "min": 4.136121,
            "med": 12.0121945,
            "max": 42.725365,
            "p(90)": 26.077366900000005,
            "p(95)": 33.05707754999999
        },
        "vus_max": {
            "max": 50,
            "value": 50,
            "min": 50
        },
        "http_req_receiving": {
            "p(95)": 0.036168,
            "avg": 0.019071203429857016,
            "min": 0.003308,
            "med": 0.015002,
            "max": 9.519256,
            "p(90)": 0.029402
        },
        "iteration_duration": {
            "avg": 1.0845432505464505,
            "min": 0.048122,
            "med": 0.715067,
            "max": 80.908509,
            "p(90)": 1.9667859999999984,
            "p(95)": 2.7793835999999996
        }
    }
}