{
    "root_group": {
        "path": "",
        "id": "d41d8cd98f00b204e9800998ecf8427e",
        "groups": {},
        "checks": {
                "iam_profile_update status": {
                    "id": "b30db9284e76f13d315f2730c30f75de",
                    "passes": 9027,
                    "fails": 0,
                    "name": "iam_profile_update status",
                    "path": "::iam_profile_update status"
                }
            },
        "name": ""
    },
    "metrics": {
        "http_req_blocked": {
            "med": 0.002278,
            "max": 2.141395,
            "p(90)": 0.003177,
            "p(95)": 0.003666699999999999,
            "avg": 0.010570332225545587,
            "min": 0.00091
        },
        "iterations": {
            "count": 9027,
            "rate": 448.8412776673069
        },
        "vus": {
            "value": 50,
            "min": 50,
            "max": 50
        },
        "http_req_tls_handshaking": {
            "p(95)": 0,
            "avg": 0,
            "min": 0,
            "med": 0,
            "max": 0,
            "p(90)": 0
        },
        "http_req_duration": {
            "avg": 110.99185037930646,
            "min": 4.091176,
            "med": 75.936659,
            "max": 1057.032121,
            "p(90)": 255.21150920000002,
            "p(95)": 335.34113969999976,
            "thresholds": {
                "p(95)<1500": false
            }
        },
        "http_req_sending": {
            "avg": 0.01053155400465275,
            "min": 0.003586,
            "med": 0.009212,
            "max": 0.439606,
            "p(90)": 0.014229,
            "p(95)": 0.016302499999999973
        },
        "http_req_receiving": {
            "min": 0.009991,
            "med": 0.03092,
            "max": 0.142417,
            "p(90)": 0.043726600000000004,
            "p(95)": 0.0494429,
            "avg": 0.03154126653373211
        },
        "vus_max": {
            "value": 50,
            "min": 50,
            "max": 50
        },
        "http_reqs": {
            "count": 9027,
            "rate": 448.8412776673069
        },
        "data_received": {
            "count": 2811365,
            "rate": 139786.93459500922
        },
        "iteration_duration": {
            "avg": 111.09392834119875,
            "min": 4.185448,
            "med": 76.035604,
            "max": 1057.133673,
            "p(90)": 255.31659860000005,
            "p(95)": 335.44654079999975
        },
        "data_sent": {
            "count": 2206556,
            "rate": 109714.56899129966
        },
        "http_req_duration{expected_response:true}": {
            "min": 4.091176,
            "med": 75.936659,
            "max": 1057.032121,
            "p(90)": 255.21150920000002,
            "p(95)": 335.34113969999976,
            "avg": 110.99185037930646
        },
        "checks": {
            "fails": 0,
            "passes": 9027,
            "thresholds": {
                "rate>0.95": false
            },
            "value": 1
        },
        "http_req_failed": {
            "passes": 0,
            "fails": 9027,
            "thresholds": {
                "rate<0.05": false
            },
            "value": 0
        },
        "http_req_connecting": {
            "avg": 0.00333807477567298,
            "min": 0,
            "med": 0,
            "max": 1.412686,
            "p(90)": 0,
            "p(95)": 0
        },
        "http_req_waiting": {
            "p(90)": 255.16597380000005,
            "p(95)": 335.2857304999998,
            "avg": 110.94977755876815,
            "min": 4.049585,
            "med": 75.891504,
            "max": 1056.986129
        }
    },
    "setup_data": {
        "cookies": {}
    }
}