{
    "metrics": {
        "http_reqs": {
            "count": 187914,
            "rate": 9390.37812902644
        },
        "http_req_receiving": {
            "max": 4.386295,
            "p(90)": 0.034722,
            "p(95)": 0.040467700000000016,
            "avg": 0.024898766164309593,
            "min": 0.003948,
            "med": 0.02176
        },
        "checks": {
            "fails": 0,
            "passes": 187914,
            "thresholds": {
                "rate>0.95": false
            },
            "value": 1
        },
        "http_req_failed": {
            "passes": 0,
            "fails": 187914,
            "thresholds": {
                "rate<0.05": false
            },
            "value": 0
        },
        "http_req_duration{expected_response:true}": {
            "min": 0.134878,
            "med": 3.709454,
            "max": 52.516926,
            "p(90)": 9.190498500000002,
            "p(95)": 19.513463700000013,
            "avg": 5.240044930117011
        },
        "iteration_duration": {
            "p(95)": 19.593865400000002,
            "avg": 5.31440940383902,
            "min": 0.159957,
            "med": 3.781943,
            "max": 54.645249,
            "p(90)": 9.277017600000011
        },
        "iterations": {
            "count": 187914,
            "rate": 9390.37812902644
        },
        "vus_max": {
            "value": 50,
            "min": 50,
            "max": 50
        },
        "http_req_duration": {
            "med": 3.709454,
            "max": 52.516926,
            "p(90)": 9.190498500000002,
            "p(95)": 19.513463700000013,
            "avg": 5.240044930117011,
            "min": 0.134878,
            "thresholds": {
                "p(95)<1500": false
            }
        },
        "data_sent": {
            "count": 26782427,
            "rate": 1338362.8507883777
        },
        "http_req_sending": {
            "avg": 0.006734757511414863,
            "min": 0.001339,
            "med": 0.006077,
            "max": 3.429837,
            "p(90)": 0.009088,
            "p(95)": 0.01077
        },
        "http_req_blocked": {
            "avg": 0.002635334626478033,
            "min": 0.000389,
            "med": 0.001888,
            "max": 4.17852,
            "p(90)": 0.002818,
            "p(95)": 0.003334
        },
        "http_req_waiting": {
            "p(90)": 9.154060200000007,
            "p(95)": 19.47818965000001,
            "avg": 5.208411406441258,
            "min": 0.114267,
            "med": 3.6787039999999998,
            "max": 52.152869
        },
        "data_received": {
            "count": 146107817,
            "rate": 7301252.962720168
        },
        "http_req_tls_handshaking": {
            "avg": 0,
            "min": 0,
            "med": 0,
            "max": 0,
            "p(90)": 0,
            "p(95)": 0
        },
        "http_req_connecting": {
            "avg": 0.00007224687889140776,
            "min": 0,
            "med": 0,
            "max": 0.560254,
            "p(90)": 0,
            "p(95)": 0
        },
        "vus": {
            "value": 50,
            "min": 50,
            "max": 50
        }
    },
    "setup_data": {
        "cookies": {}
    },
    "root_group": {
        "path": "",
        "id": "d41d8cd98f00b204e9800998ecf8427e",
        "groups": {},
        "checks": {
                "iam_profile_get status": {
                    "fails": 0,
                    "name": "iam_profile_get status",
                    "path": "::iam_profile_get status",
                    "id": "4427de8030f453597178ef0cbd64b5d1",
                    "passes": 187914
                }
            },
        "name": ""
    }
}