{
    "root_group": {
        "groups": {},
        "checks": {
                "market_rank_daily status": {
                    "name": "market_rank_daily status",
                    "path": "::market_rank_daily status",
                    "id": "3b0bd671acffdc49b7901d83dec83a1f",
                    "passes": 110,
                    "fails": 899065
                }
            },
        "name": "",
        "path": "",
        "id": "d41d8cd98f00b204e9800998ecf8427e"
    },
    "metrics": {
        "iteration_duration": {
            "avg": 1.1050932462379486,
            "min": 0.047283,
            "med": 0.743984,
            "max": 49.75684,
            "p(90)": 1.981844399999999,
            "p(95)": 2.769713199999994
        },
        "iterations": {
            "count": 899175,
            "rate": 44952.02398598306
        },
        "http_req_sending": {
            "avg": 0.006729266125059132,
            "min": 0.001222,
            "med": 0.005322,
            "max": 7.155884,
            "p(90)": 0.009604,
            "p(95)": 0.011765
        },
        "checks": {
            "passes": 110,
            "fails": 899065,
            "thresholds": {
                "rate>0.95": true
            },
            "value": 0.00012233436205410516
        },
        "data_sent": {
            "count": 152141437,
            "rate": 7605933.800746162
        },
        "http_req_failed": {
            "fails": 110,
            "passes": 899065,
            "thresholds": {
                "rate<0.05": true
            },
            "value": 0.9998776656379459
        },
        "http_req_receiving": {
            "p(95)": 0.036446,
            "avg": 0.01981908751244159,
            "min": 0.003315,
            "med": 0.015696,
            "max": 10.680277,
            "p(90)": 0.029768599999999975
        },
        "http_reqs": {
            "rate": 44952.02398598306,
            "count": 899175
        },
        "vus": {
            "value": 50,
            "min": 50,
            "max": 50
        },
        "http_req_waiting": {
            "p(95)": 2.6253719999999996,
            "avg": 1.0101067452654162,
            "min": 0.020338,
            "med": 0.655335,
            "max": 49.66846,
            "p(90)": 1.8665753999999999
        },
        "http_req_blocked": {
            "max": 3.022202,
            "p(90)": 0.003116,
            "p(95)": 0.003807,
            "avg": 0.0021356412644923527,
            "min": 0.000372,
            "med": 0.001685
        },
        "http_req_connecting": {
            "avg": 0.00002179054244168266,
            "min": 0,
            "med": 0,
            "max": 0.788869,
            "p(90)": 0,
            "p(95)": 0
        },
        "http_req_tls_handshaking": {
            "min": 0,
            "med": 0,
            "max": 0,
            "p(90)": 0,
            "p(95)": 0,
            "avg": 0
        },
        "vus_max": {
            "min": 50,
            "max": 50,
            "value": 50
        },
        "http_req_duration": {
            "min": 0.028364,
            "med": 0.680085,
            "max": 49.694294,
            "p(90)": 1.8993744,
            "p(95)": 2.665572899999994,
            "avg": 1.036655098902885,
            "thresholds": {
                "p(95)<1500": false
            }
        },
        "data_received": {
            "count": 235027567,
            "rate": 11749620.295438865
        },
        "http_req_duration{expected_response:true}": {
            "p(90)": 23.573377300000015,
            "p(95)": 28.008888099999993,
            "avg": 12.364672463636362,
            "min": 0.759927,
            "med": 10.9251705,
            "max": 41.201984
        }
    }
}