{
    "root_group": {
        "name": "",
        "path": "",
        "id": "d41d8cd98f00b204e9800998ecf8427e",
        "groups": {},
        "checks": {
                "iam_login status": {
                    "name": "iam_login status",
                    "path": "::iam_login status",
                    "id": "027f382f20360300f3948fad8747b531",
                    "passes": 109,
                    "fails": 1097063
                }
            }
    },
    "metrics": {
        "http_req_blocked": {
            "min": 0.000385,
            "med": 0.001194,
            "max": 8.017723,
            "p(90)": 0.002024,
            "p(95)": 0.002482,
            "avg": 0.001466730262894239
        },
        "http_req_waiting": {
            "min": 0.019841,
            "med": 0.6317539999999999,
            "max": 230.959269,
            "p(90)": 1.6438758,
            "p(95)": 2.1261030499999993,
            "avg": 0.8342586248318529
        },
        "data_received": {
            "count": 277995674,
            "rate": 13898384.449569093
        },
        "iterations": {
            "count": 1097172,
            "rate": 54853.07754574131
        },
        "http_reqs": {
            "count": 1097172,
            "rate": 54853.07754574131
        },
        "iteration_duration": {
            "max": 232.029956,
            "p(90)": 1.7280438999999999,
            "p(95)": 2.2251393999999998,
            "avg": 0.9067018677928459,
            "min": 0.051277,
            "med": 0.6998960000000001
        },
        "vus_max": {
            "value": 50,
            "min": 50,
            "max": 50
        },
        "http_req_sending": {
            "max": 6.495208,
            "p(90)": 0.00744,
            "p(95)": 0.008971,
            "avg": 0.005314233067376902,
            "min": 0.001505,
            "med": 0.004358
        },
        "http_req_failed": {
            "passes": 1097063,
            "fails": 109,
            "thresholds": {
                "rate<0.05": true
            },
            "value": 0.9999006536805533
        },
        "http_req_connecting": {
            "max": 0.685439,
            "p(90)": 0,
            "p(95)": 0,
            "avg": 0.000009447573397789954,
            "min": 0,
            "med": 0
        },
        "http_req_duration{expected_response:true}": {
            "p(95)": 159.062073,
            "avg": 51.85062012844035,
            "min": 19.554312,
            "med": 40.921062,
            "max": 231.014928,
            "p(90)": 56.966387000000005
        },
        "http_req_receiving": {
            "avg": 0.012904021973765282,
            "min": 0.003274,
            "med": 0.010432,
            "max": 8.172334,
            "p(90)": 0.018613,
            "p(95)": 0.022361
        },
        "checks": {
            "passes": 109,
            "fails": 1097063,
            "thresholds": {
                "rate>0.95": true
            },
            "value": 0.00009934631944672303
        },
        "http_req_tls_handshaking": {
            "avg": 0,
            "min": 0,
            "med": 0,
            "max": 0,
            "p(90)": 0,
            "p(95)": 0
        },
        "data_sent": {
            "count": 265859747,
            "rate": 13291649.183976775
        },
        "http_req_duration": {
            "min": 0.028396,
            "med": 0.648798,
            "max": 231.014928,
            "p(90)": 1.6656973000000002,
            "p(95)": 2.151101049999999,
            "avg": 0.8524768798729551,
            "thresholds": {
                "p(95)<1500": false
            }
        },
        "vus": {
            "value": 50,
            "min": 50,
            "max": 50
        }
    }
}