{
    "root_group": {
        "path": "",
        "id": "d41d8cd98f00b204e9800998ecf8427e",
        "groups": {
            "setup": {
                "groups": {},
                "checks": {
                        "iam_group_create_seed status": {
                            "path": "::setup::iam_group_create_seed status",
                            "id": "3bb63f3cf774d33ab14eab88aa1ffeb3",
                            "passes": 1,
                            "fails": 0,
                            "name": "iam_group_create_seed status"
                        }
                    },
                "name": "setup",
                "path": "::setup",
                "id": "5c0f8025f7e0b6654089e5b00e950f1a"
            }
        },
        "checks": {
            "iam_group_detail status": {
                "fails": 0,
                "name": "iam_group_detail status",
                "path": "::iam_group_detail status",
                "id": "0c1f95dda5f33579df06bb5f8ef054a7",
                "passes": 116207
            }
        },
        "name": ""
    },
    "metrics": {
        "http_reqs": {
            "count": 116208,
            "rate": 5801.717030486717
        },
        "vus_max": {
            "value": 50,
            "min": 50,
            "max": 50
        },
        "iteration_duration": {
            "min": 0.2954,
            "med": 6.307671,
            "max": 92.119441,
            "p(90)": 16.04697900000001,
            "p(95)": 25.7460719,
            "avg": 8.599006785365807
        },
        "http_req_duration{expected_response:true}": {
            "avg": 8.510093819848843,
            "min": 0.25299,
            "med": 6.2201375,
            "max": 92.009104,
            "p(90)": 15.938324000000012,
            "p(95)": 25.63771299999998
        },
        "data_sent": {
            "count": 20841159,
            "rate": 1040500.7151433766
        },
        "http_req_failed": {
            "passes": 0,
            "fails": 116208,
            "thresholds": {
                "rate<0.05": false
            },
            "value": 0
        },
        "checks": {
            "passes": 116208,
            "fails": 0,
            "thresholds": {
                "rate>0.95": false
            },
            "value": 1
        },
        "http_req_blocked": {
            "p(90)": 0.003848,
            "p(95)": 0.00448,
            "avg": 0.0026715820253338904,
            "min": 0.000421,
            "med": 0.002246,
            "max": 1.351823
        },
        "data_received": {
            "count": 77666547,
            "rate": 3877524.1672604037
        },
        "http_req_duration": {
            "med": 6.2201375,
            "max": 92.009104,
            "p(90)": 15.938324000000012,
            "p(95)": 25.63771299999998,
            "avg": 8.510093819848843,
            "min": 0.25299,
            "thresholds": {
                "p(95)<1500": false
            }
        },
        "vus": {
            "value": 50,
            "min": 50,
            "max": 50
        },
        "http_req_connecting": {
            "avg": 0.00008052021375464684,
            "min": 0,
            "med": 0,
            "max": 1.293484,
            "p(90)": 0,
            "p(95)": 0
        },
        "http_req_sending": {
            "min": 0.001521,
            "med": 0.007259,
            "max": 2.239359,
            "p(90)": 0.013158,
            "p(95)": 0.015902649999999994,
            "avg": 0.00852262127392259
        },
        "iterations": {
            "rate": 5801.667105205923,
            "count": 116207
        },
        "http_req_tls_handshaking": {
            "max": 0,
            "p(90)": 0,
            "p(95)": 0,
            "avg": 0,
            "min": 0,
            "med": 0
        },
        "http_req_waiting": {
            "avg": 8.470459228796537,
            "min": 0.229184,
            "med": 6.181798000000001,
            "max": 91.957261,
            "p(90)": 15.893133900000004,
            "p(95)": 25.5858457999999
        },
        "http_req_receiving": {
            "p(95)": 0.055195,
            "avg": 0.03111196977832823,
            "min": 0.004297,
            "med": 0.026855,
            "max": 6.295665,
            "p(90)": 0.046997
        }
    },
    "setup_data": {
        "cookies": {},
        "groupID": "019ee932-368d-7499-be13-cc75b018254a"
    }
}