{
    "root_group": {
        "name": "",
        "path": "",
        "id": "d41d8cd98f00b204e9800998ecf8427e",
        "groups": {},
        "checks": {
                "iam_register status": {
                    "name": "iam_register status",
                    "path": "::iam_register status",
                    "id": "ca7c9faf580fe10f890d8f9990ed2eb9",
                    "passes": 109,
                    "fails": 1094860
                }
            }
    },
    "metrics": {
        "http_req_tls_handshaking": {
            "p(95)": 0,
            "avg": 0,
            "min": 0,
            "med": 0,
            "max": 0,
            "p(90)": 0
        },
        "http_req_duration": {
            "med": 0.639987,
            "max": 242.409971,
            "p(90)": 1.6642846000000002,
            "p(95)": 2.1592238,
            "avg": 0.8505966860075346,
            "min": 0.02807,
            "thresholds": {
                "p(95)<1500": false
            }
        },
        "data_sent": {
            "count": 348131020,
            "rate": 17405834.97094505
        },
        "http_req_receiving": {
            "avg": 0.012923367085278388,
            "min": 0.003217,
            "med": 0.010494,
            "max": 5.064214,
            "p(90)": 0.018449,
            "p(95)": 0.022143599999999975
        },
        "http_req_duration{expected_response:true}": {
            "p(90)": 69.82522640000002,
            "p(95)": 172.7782841999997,
            "avg": 62.86137538532111,
            "min": 24.362328,
            "med": 49.374271,
            "max": 242.409971
        },
        "vus_max": {
            "value": 50,
            "min": 50,
            "max": 50
        },
        "vus": {
            "max": 50,
            "value": 50,
            "min": 50
        },
        "http_reqs": {
            "count": 1094969,
            "rate": 54746.19788923357
        },
        "http_req_waiting": {
            "p(90)": 1.6423310000000007,
            "p(95)": 2.1335264,
            "avg": 0.8322482663948095,
            "min": 0.020644,
            "med": 0.62279,
            "max": 242.339306
        },
        "iteration_duration": {
            "med": 0.694117,
            "max": 244.734583,
            "p(90)": 1.7306924000000001,
            "p(95)": 2.2380685999999996,
            "avg": 0.9085283310669084,
            "min": 0.051504
        },
        "http_req_sending": {
            "avg": 0.005425052527514282,
            "min": 0.001563,
            "med": 0.004459,
            "max": 6.045727,
            "p(90)": 0.007477,
            "p(95)": 0.009056
        },
        "data_received": {
            "rate": 14032232.401846016,
            "count": 280656193
        },
        "http_req_blocked": {
            "med": 0.001212,
            "max": 3.956548,
            "p(90)": 0.002008,
            "p(95)": 0.002445,
            "avg": 0.001467941286009271,
            "min": 0.000394
        },
        "checks": {
            "passes": 109,
            "fails": 1094860,
            "thresholds": {
                "rate>0.95": true
            },
            "value": 0.00009954619719827684
        },
        "iterations": {
            "count": 1094969,
            "rate": 54746.19788923357
        },
        "http_req_failed": {
            "fails": 109,
            "passes": 1094860,
            "thresholds": {
                "rate<0.05": true
            },
            "value": 0.9999004538028017
        },
        "http_req_connecting": {
            "max": 0.753472,
            "p(90)": 0,
            "p(95)": 0,
            "avg": 0.000015922846217564145,
            "min": 0,
            "med": 0
        }
    }
}