{
    "metrics": {
        "http_req_duration": {
            "med": 0.683159,
            "max": 66.831091,
            "p(90)": 1.9161224000000001,
            "p(95)": 2.725058399999995,
            "avg": 1.0469361407637738,
            "min": 0.027064,
            "thresholds": {
                "p(95)<1500": false
            }
        },
        "http_req_receiving": {
            "avg": 0.02014880348861647,
            "min": 0.003401,
            "med": 0.015483,
            "max": 10.18116,
            "p(90)": 0.029695,
            "p(95)": 0.036451
        },
        "vus": {
            "value": 50,
            "min": 50,
            "max": 50
        },
        "iteration_duration": {
            "min": 0.048026,
            "med": 0.747406,
            "max": 66.874178,
            "p(90)": 2.0003388,
            "p(95)": 2.8318718999999923,
            "avg": 1.1151326099308123
        },
        "checks": {
            "passes": 109,
            "fails": 890674,
            "thresholds": {
                "rate>0.95": true
            },
            "value": 0.00012236425706372932
        },
        "data_received": {
            "count": 233719963,
            "rate": 11685187.203266427
        },
        "http_req_tls_handshaking": {
            "min": 0,
            "med": 0,
            "max": 0,
            "p(90)": 0,
            "p(95)": 0,
            "avg": 0
        },
        "data_sent": {
            "count": 152498044,
            "rate": 7624373.071939775
        },
        "iterations": {
            "count": 890783,
            "rate": 44536.059217531525
        },
        "http_req_duration{expected_response:true}": {
            "avg": 10.919846082568805,
            "min": 1.237538,
            "med": 8.597786,
            "max": 48.45901,
            "p(90)": 20.897210400000002,
            "p(95)": 24.285365999999996
        },
        "http_req_failed": {
            "passes": 890674,
            "fails": 109,
            "thresholds": {
                "rate<0.05": true
            },
            "value": 0.9998776357429363
        },
        "http_req_blocked": {
            "avg": 0.002141335638421461,
            "min": 0.000385,
            "med": 0.001677,
            "max": 3.333279,
            "p(90)": 0.003131,
            "p(95)": 0.003834
        },
        "http_reqs": {
            "count": 890783,
            "rate": 44536.059217531525
        },
        "http_req_waiting": {
            "p(95)": 2.6797039999999988,
            "avg": 1.0201731250461745,
            "min": 0.020022,
            "med": 0.658264,
            "max": 66.814493,
            "p(90)": 1.8818550000000007
        },
        "vus_max": {
            "min": 50,
            "max": 50,
            "value": 50
        },
        "http_req_connecting": {
            "min": 0,
            "med": 0,
            "max": 0.991181,
            "p(90)": 0,
            "p(95)": 0,
            "avg": 0.000029582918623278613
        },
        "http_req_sending": {
            "avg": 0.006614212229016183,
            "min": 0.001257,
            "med": 0.005281,
            "max": 4.322063,
            "p(90)": 0.009628,
            "p(95)": 0.01176
        }
    },
    "root_group": {
        "groups": {},
        "checks": {
                "market_rank_weekly status": {
                    "passes": 109,
                    "fails": 890674,
                    "name": "market_rank_weekly status",
                    "path": "::market_rank_weekly status",
                    "id": "c3de36116cf7dd3d33aaa6866898dcb7"
                }
            },
        "name": "",
        "path": "",
        "id": "d41d8cd98f00b204e9800998ecf8427e"
    }
}