{
    "metrics": {
        "http_req_receiving": {
            "max": 4.468149,
            "p(90)": 0.05258,
            "p(95)": 0.060249,
            "avg": 0.034454803085257946,
            "min": 0.005004,
            "med": 0.0307445
        },
        "data_received": {
            "count": 69109445,
            "rate": 3452413.0281487317
        },
        "http_req_failed": {
            "passes": 0,
            "fails": 131788,
            "thresholds": {
                "rate<0.05": false
            },
            "value": 0
        },
        "http_req_blocked": {
            "avg": 0.0033135034752785116,
            "min": 0.000458,
            "med": 0.002615,
            "max": 1.741342,
            "p(90)": 0.004482,
            "p(95)": 0.005194649999999994
        },
        "http_req_duration{expected_response:true}": {
            "avg": 7.478923792636662,
            "min": 0.322073,
            "med": 6.0296555000000005,
            "max": 63.229651,
            "p(90)": 12.231576400000002,
            "p(95)": 19.51882465
        },
        "vus": {
            "value": 50,
            "min": 50,
            "max": 50
        },
        "http_reqs": {
            "count": 131788,
            "rate": 6583.566228229224
        },
        "http_req_connecting": {
            "avg": 0.00009399933226090385,
            "min": 0,
            "med": 0,
            "max": 0.568306,
            "p(90)": 0,
            "p(95)": 0
        },
        "data_sent": {
            "count": 18371065,
            "rate": 917740.0302804802
        },
        "http_req_sending": {
            "min": 0.001641,
            "med": 0.00839,
            "max": 3.481551,
            "p(90)": 0.015424300000000004,
            "p(95)": 0.018492949999999984,
            "avg": 0.009963668717940875
        },
        "iterations": {
            "rate": 6583.566228229224,
            "count": 131788
        },
        "http_req_duration": {
            "max": 63.229651,
            "p(90)": 12.231576400000002,
            "p(95)": 19.51882465,
            "avg": 7.478923792636662,
            "min": 0.322073,
            "med": 6.0296555000000005,
            "thresholds": {
                "p(95)<1500": false
            }
        },
        "http_req_tls_handshaking": {
            "med": 0,
            "max": 0,
            "p(90)": 0,
            "p(95)": 0,
            "avg": 0,
            "min": 0
        },
        "vus_max": {
            "value": 50,
            "min": 50,
            "max": 50
        },
        "iteration_duration": {
            "min": 0.390663,
            "med": 6.130898999999999,
            "max": 63.361964,
            "p(90)": 12.349487700000001,
            "p(95)": 19.62234349999999,
            "avg": 7.580412691307404
        },
        "checks": {
            "fails": 0,
            "passes": 131788,
            "thresholds": {
                "rate>0.95": false
            },
            "value": 1
        },
        "http_req_waiting": {
            "avg": 7.434505320833413,
            "min": 0.298196,
            "med": 5.984389500000001,
            "max": 63.175173,
            "p(90)": 12.181181000000004,
            "p(95)": 19.48164774999999
        }
    },
    "setup_data": {
        "cookies": {}
    },
    "root_group": {
        "name": "",
        "path": "",
        "id": "d41d8cd98f00b204e9800998ecf8427e",
        "groups": {},
        "checks": {
                "iam_role_get status": {
                    "name": "iam_role_get status",
                    "path": "::iam_role_get status",
                    "id": "dda3acd462ba6d2a305fc2323822db40",
                    "passes": 131788,
                    "fails": 0
                }
            }
    }
}