{
    "metrics": {
        "http_req_tls_handshaking": {
            "avg": 0,
            "min": 0,
            "med": 0,
            "max": 0,
            "p(90)": 0,
            "p(95)": 0
        },
        "data_received": {
            "count": 2047029,
            "rate": 101758.48952379705
        },
        "http_req_sending": {
            "med": 0.0085565,
            "max": 0.472594,
            "p(90)": 0.013304,
            "p(95)": 0.015580599999999998,
            "avg": 0.009581190781440839,
            "min": 0.003576
        },
        "http_req_duration{expected_response:true}": {
            "max": 979.023931,
            "p(90)": 236.0599976000002,
            "p(95)": 309.2062061999999,
            "avg": 101.90593582794074,
            "min": 4.480897,
            "med": 68.2343065
        },
        "http_req_duration": {
            "med": 68.2343065,
            "max": 979.023931,
            "p(90)": 236.0599976000002,
            "p(95)": 309.2062061999999,
            "avg": 101.90593582794074,
            "min": 4.480897,
            "thresholds": {
                "p(95)<1500": false
            }
        },
        "vus": {
            "value": 50,
            "min": 50,
            "max": 50
        },
        "checks": {
            "passes": 9828,
            "fails": 0,
            "thresholds": {
                "rate>0.95": false
            },
            "value": 1
        },
        "http_req_failed": {
            "passes": 0,
            "fails": 9828,
            "thresholds": {
                "rate<0.05": false
            },
            "value": 0
        },
        "data_sent": {
            "count": 2786465,
            "rate": 138516.09796975378
        },
        "http_req_receiving": {
            "avg": 0.03059007051282043,
            "min": 0.010095,
            "med": 0.0302185,
            "max": 0.546516,
            "p(90)": 0.041315,
            "p(95)": 0.0462902
        },
        "http_req_blocked": {
            "p(95)": 0.0034536499999999995,
            "avg": 0.0037167792022792137,
            "min": 0.000856,
            "med": 0.002146,
            "max": 1.035572,
            "p(90)": 0.0030033000000000013
        },
        "iterations": {
            "count": 9827,
            "rate": 488.50342449977677
        },
        "vus_max": {
            "value": 50,
            "min": 50,
            "max": 50
        },
        "http_req_connecting": {
            "min": 0,
            "med": 0,
            "max": 0.950137,
            "p(90)": 0,
            "p(95)": 0,
            "avg": 0.0011185086487586484
        },
        "http_reqs": {
            "count": 9828,
            "rate": 488.5531348309562
        },
        "iteration_duration": {
            "max": 979.098489,
            "p(90)": 236.23469959999989,
            "p(95)": 309.3414652999996,
            "avg": 102.00868988073687,
            "min": 4.890665,
            "med": 68.380031
        },
        "http_req_waiting": {
            "min": 4.335801,
            "med": 68.19654399999999,
            "max": 978.997487,
            "p(90)": 236.0038111000002,
            "p(95)": 309.1466512999999,
            "avg": 101.86576456664652
        }
    },
    "setup_data": {
        "cookies": {},
        "groupID": "019ee932-8e1f-78ca-a6ab-455380054218"
    },
    "root_group": {
        "name": "",
        "path": "",
        "id": "d41d8cd98f00b204e9800998ecf8427e",
        "groups": {
            "setup": {
                "checks": {
                    "iam_group_create_seed status": {
                        "name": "iam_group_create_seed status",
                        "path": "::setup::iam_group_create_seed status",
                        "id": "3bb63f3cf774d33ab14eab88aa1ffeb3",
                        "passes": 1,
                        "fails": 0
                    }
                },
                "name": "setup",
                "path": "::setup",
                "id": "5c0f8025f7e0b6654089e5b00e950f1a",
                "groups": {}
            }
        },
        "checks": {
            "iam_group_update status": {
                "passes": 9827,
                "fails": 0,
                "name": "iam_group_update status",
                "path": "::iam_group_update status",
                "id": "bfb2ab5269587aea485b7d5fbe66e70a"
            }
        }
    }
}