{
    "root_group": {
        "name": "",
        "path": "",
        "id": "d41d8cd98f00b204e9800998ecf8427e",
        "groups": {},
        "checks": {
                "iam_profile_get status": {
                    "name": "iam_profile_get status",
                    "path": "::iam_profile_get status",
                    "id": "4427de8030f453597178ef0cbd64b5d1",
                    "passes": 301,
                    "fails": 0
                }
            }
    },
    "metrics": {
        "http_req_tls_handshaking": {
            "avg": 0,
            "min": 0,
            "med": 0,
            "max": 0,
            "p(90)": 0,
            "p(95)": 0
        },
        "http_req_sending": {
            "med": 0.016754,
            "max": 0.073353,
            "p(90)": 0.038867,
            "p(95)": 0.049321,
            "avg": 0.019565176079734216,
            "min": 0.009551
        },
        "http_reqs": {
            "count": 301,
            "rate": 20.06386321796431
        },
        "checks": {
            "passes": 301,
            "fails": 0,
            "thresholds": {
                "rate>0.95": false
            },
            "value": 1
        },
        "http_req_connecting": {
            "max": 0.267739,
            "p(90)": 0.118744,
            "p(95)": 0.17633,
            "avg": 0.021313873754152824,
            "min": 0,
            "med": 0
        },
        "vus_max": {
            "value": 40,
            "min": 40,
            "max": 40
        },
        "http_req_duration{expected_response:true}": {
            "p(95)": 0.85047,
            "avg": 0.6920966943521598,
            "min": 0.433279,
            "med": 0.698091,
            "max": 1.121114,
            "p(90)": 0.813474
        },
        "iterations": {
            "count": 301,
            "rate": 20.06386321796431
        },
        "http_req_receiving": {
            "min": 0.02509,
            "med": 0.044762,
            "max": 0.116555,
            "p(90)": 0.059641,
            "p(95)": 0.067126,
            "avg": 0.04606556146179401
        },
        "http_req_duration": {
            "avg": 0.6920966943521598,
            "min": 0.433279,
            "med": 0.698091,
            "max": 1.121114,
            "p(90)": 0.813474,
            "p(95)": 0.85047,
            "thresholds": {
                "p(95)<1500": false
            }
        },
        "http_req_failed": {
            "passes": 0,
            "fails": 301,
            "thresholds": {
                "rate<0.05": false
            },
            "value": 0
        },
        "data_received": {
            "count": 233205,
            "rate": 15544.827979220488
        },
        "iteration_duration": {
            "max": 2.062545,
            "p(90)": 1.079563,
            "p(95)": 1.188416,
            "avg": 0.892621940199335,
            "min": 0.554677,
            "med": 0.882556
        },
        "vus": {
            "min": 0,
            "max": 0,
            "value": 0
        },
        "http_req_waiting": {
            "p(90)": 0.747443,
            "p(95)": 0.788681,
            "avg": 0.6264659568106312,
            "min": 0.382605,
            "med": 0.627322,
            "max": 1.055046
        },
        "http_req_blocked": {
            "min": 0.003422,
            "med": 0.005254,
            "max": 0.854233,
            "p(90)": 0.165845,
            "p(95)": 0.223499,
            "avg": 0.034073269102990064
        },
        "data_sent": {
            "count": 42070,
            "rate": 2804.274835813151
        }
    },
    "setup_data": {
        "cookies": {}
    }
}