{
    "metrics": {
        "http_req_tls_handshaking": {
            "max": 0,
            "p(90)": 0,
            "p(95)": 0,
            "avg": 0,
            "min": 0,
            "med": 0
        },
        "http_req_failed": {
            "fails": 300,
            "passes": 0,
            "thresholds": {
                "rate<0.05": false
            },
            "value": 0
        },
        "http_req_connecting": {
            "p(90)": 0.14807100000000004,
            "p(95)": 0.18306785,
            "avg": 0.023381773333333335,
            "min": 0,
            "med": 0,
            "max": 0.302912
        },
        "http_reqs": {
            "count": 300,
            "rate": 19.998255965429426
        },
        "data_received": {
            "count": 19457329,
            "rate": 1297042.152485243
        },
        "vus_max": {
            "value": 40,
            "min": 40,
            "max": 40
        },
        "data_sent": {
            "count": 41629,
            "rate": 2775.024658616205
        },
        "http_req_sending": {
            "p(90)": 0.03641240000000001,
            "p(95)": 0.04807240000000001,
            "avg": 0.01807118666666666,
            "min": 0.00844,
            "med": 0.013016,
            "max": 0.075362
        },
        "http_req_waiting": {
            "p(90)": 1.2760602,
            "p(95)": 1.36367335,
            "avg": 1.0957014799999991,
            "min": 0.78974,
            "med": 1.097146,
            "max": 3.025519
        },
        "http_req_receiving": {
            "min": 0.038705,
            "med": 0.098919,
            "max": 0.441949,
            "p(90)": 0.19224370000000002,
            "p(95)": 0.23048725,
            "avg": 0.11604402666666677
        },
        "iteration_duration": {
            "max": 4.397384,
            "p(90)": 1.7896171,
            "p(95)": 1.9118567000000002,
            "avg": 1.4336782599999998,
            "min": 1.015354,
            "med": 1.423117
        },
        "vus": {
            "value": 0,
            "min": 0,
            "max": 0
        },
        "http_req_duration": {
            "avg": 1.2298166933333337,
            "min": 0.883573,
            "med": 1.2257995,
            "max": 3.185652,
            "p(90)": 1.4813338,
            "p(95)": 1.5491643000000002,
            "thresholds": {
                "p(95)<1500": false
            }
        },
        "iterations": {
            "count": 300,
            "rate": 19.998255965429426
        },
        "checks": {
            "passes": 300,
            "fails": 0,
            "thresholds": {
                "rate>0.95": false
            },
            "value": 1
        },
        "http_req_blocked": {
            "avg": 0.036773159999999964,
            "min": 0.002776,
            "med": 0.0047139999999999994,
            "max": 0.955056,
            "p(90)": 0.19699060000000013,
            "p(95)": 0.23120760000000004
        },
        "http_req_duration{expected_response:true}": {
            "p(95)": 1.5491643000000002,
            "avg": 1.2298166933333337,
            "min": 0.883573,
            "med": 1.2257995,
            "max": 3.185652,
            "p(90)": 1.4813338
        }
    },
    "setup_data": {
        "cookies": {}
    },
    "root_group": {
        "id": "d41d8cd98f00b204e9800998ecf8427e",
        "groups": {},
        "checks": {
                "iam_groups_list status": {
                    "id": "0489bbe501afafa8f36bfa8d5de9c573",
                    "passes": 300,
                    "fails": 0,
                    "name": "iam_groups_list status",
                    "path": "::iam_groups_list status"
                }
            },
        "name": "",
        "path": ""
    }
}