{
    "metrics": {
        "http_req_receiving": {
            "avg": 0.05698500000000001,
            "min": 0.02543,
            "med": 0.0609825,
            "max": 0.080545,
            "p(90)": 0.07598170000000001,
            "p(95)": 0.07826335
        },
        "http_req_duration": {
            "max": 24.891206,
            "p(90)": 24.3733295,
            "p(95)": 24.63226775,
            "avg": 12.613304000000001,
            "min": 0.470032,
            "med": 12.545989
        },
        "data_received": {
            "count": 3074,
            "rate": 59162.31853777539
        },
        "checks": {
            "passes": 4,
            "fails": 0,
            "thresholds": {
                "rate>0.90": false
            },
            "value": 1
        },
        "http_req_duration{expected_response:true}": {
            "min": 0.470032,
            "med": 12.545989,
            "max": 24.891206,
            "p(90)": 24.3733295,
            "p(95)": 24.63226775,
            "avg": 12.613304000000001
        },
        "http_req_waiting": {
            "p(95)": 24.482605699999997,
            "avg": 12.524102000000001,
            "min": 0.430874,
            "med": 12.466916,
            "max": 24.731702,
            "p(90)": 24.2335094
        },
        "iteration_duration": {
            "min": 51.878401,
            "med": 51.878401,
            "max": 51.878401,
            "p(90)": 51.878401,
            "p(95)": 51.878401,
            "avg": 51.878401
        },
        "http_reqs": {
            "count": 4,
            "rate": 76.98414904069666
        },
        "iterations": {
            "count": 1,
            "rate": 19.246037260174166
        },
        "http_req_failed": {
            "passes": 0,
            "fails": 4,
            "thresholds": {
                "rate<0.10": false
            },
            "value": 0
        },
        "data_sent": {
            "rate": 28407.150996017073,
            "count": 1476
        },
        "http_req_connecting": {
            "p(95)": 0.18570714999999993,
            "avg": 0.05461975,
            "min": 0,
            "med": 0,
            "max": 0.218479,
            "p(90)": 0.15293530000000005
        },
        "http_req_blocked": {
            "avg": 0.19022950000000002,
            "min": 0.00229,
            "med": 0.0040420000000000005,
            "max": 0.750544,
            "p(90)": 0.5269450000000001,
            "p(95)": 0.6387444999999997
        },
        "http_req_sending": {
            "avg": 0.032217,
            "min": 0.007624,
            "med": 0.0211425,
            "max": 0.078959,
            "p(90)": 0.06383840000000002,
            "p(95)": 0.07139869999999998
        },
        "http_req_tls_handshaking": {
            "p(90)": 0,
            "p(95)": 0,
            "avg": 0,
            "min": 0,
            "med": 0,
            "max": 0
        }
    },
    "root_group": {
        "groups": {},
        "checks": {
                "smoke_iam_register status": {
                    "passes": 1,
                    "fails": 0,
                    "name": "smoke_iam_register status",
                    "path": "::smoke_iam_register status",
                    "id": "4ca2bdb5e62ceba77c9cb500cb2fc7cf"
                },
                "smoke_iam_login status": {
                    "name": "smoke_iam_login status",
                    "path": "::smoke_iam_login status",
                    "id": "1a44a84470909fa07a48590a6f772534",
                    "passes": 1,
                    "fails": 0
                },
                "smoke_market_apps_list status": {
                    "path": "::smoke_market_apps_list status",
                    "id": "99e09a1045f9e0e071826d6b090a3a31",
                    "passes": 1,
                    "fails": 0,
                    "name": "smoke_market_apps_list status"
                },
                "smoke_market_rank_daily status": {
                    "id": "bd24a43470f365ba8012fe8882f4f27c",
                    "passes": 1,
                    "fails": 0,
                    "name": "smoke_market_rank_daily status",
                    "path": "::smoke_market_rank_daily status"
                }
            },
        "name": "",
        "path": "",
        "id": "d41d8cd98f00b204e9800998ecf8427e"
    }
}