{
    "metrics": {
        "http_req_connecting": {
            "med": 0,
            "max": 0.245821,
            "p(90)": 0.10669820000000006,
            "p(95)": 0.14705254999999995,
            "avg": 0.01866663907284769,
            "min": 0
        },
        "http_req_receiving": {
            "p(95)": 0.062035199999999985,
            "avg": 0.0436650099337748,
            "min": 0.024037,
            "med": 0.042845999999999995,
            "max": 0.136676,
            "p(90)": 0.054983100000000014
        },
        "iteration_duration": {
            "min": 0.646641,
            "med": 1.072587,
            "max": 1.604705,
            "p(90)": 1.284409,
            "p(95)": 1.337177,
            "avg": 1.0487271727574754
        },
        "vus_max": {
            "min": 40,
            "max": 40,
            "value": 40
        },
        "http_req_duration{expected_response:true}": {
            "min": 0.524453,
            "med": 0.8719975,
            "max": 4.805402,
            "p(90)": 1.0782571,
            "p(95)": 1.12877145,
            "avg": 0.8700771423841053
        },
        "http_req_waiting": {
            "avg": 0.8073528675496684,
            "min": 0.466294,
            "med": 0.7999324999999999,
            "max": 4.662508,
            "p(90)": 1.0112908999999999,
            "p(95)": 1.0620941
        },
        "http_reqs": {
            "count": 302,
            "rate": 20.12244605304192
        },
        "data_received": {
            "count": 200833,
            "rate": 13381.626517121083
        },
        "http_req_failed": {
            "passes": 0,
            "fails": 302,
            "thresholds": {
                "rate<0.05": false
            },
            "value": 0
        },
        "http_req_duration": {
            "avg": 0.8700771423841053,
            "min": 0.524453,
            "med": 0.8719975,
            "max": 4.805402,
            "p(90)": 1.0782571,
            "p(95)": 1.12877145,
            "thresholds": {
                "p(95)<1500": false
            }
        },
        "iterations": {
            "rate": 20.055815436972242,
            "count": 301
        },
        "http_req_blocked": {
            "max": 1.129009,
            "p(90)": 0.1481270000000001,
            "p(95)": 0.18730229999999992,
            "avg": 0.03176670860927153,
            "min": 0.003209,
            "med": 0.0049525
        },
        "http_req_sending": {
            "avg": 0.019059264900662252,
            "min": 0.009563,
            "med": 0.016176,
            "max": 0.190987,
            "p(90)": 0.03500220000000001,
            "p(95)": 0.044885599999999984
        },
        "checks": {
            "passes": 302,
            "fails": 0,
            "thresholds": {
                "rate>0.95": false
            },
            "value": 1
        },
        "http_req_tls_handshaking": {
            "max": 0,
            "p(90)": 0,
            "p(95)": 0,
            "avg": 0,
            "min": 0,
            "med": 0
        },
        "data_sent": {
            "count": 53479,
            "rate": 3563.3387167901615
        },
        "vus": {
            "value": 0,
            "min": 0,
            "max": 0
        }
    },
    "setup_data": {
        "cookies": {},
        "groupID": "019ee926-5047-7829-b27b-c4c0c0a1277f"
    },
    "root_group": {
        "path": "",
        "id": "d41d8cd98f00b204e9800998ecf8427e",
        "groups": {
            "setup": {
                "name": "setup",
                "path": "::setup",
                "id": "5c0f8025f7e0b6654089e5b00e950f1a",
                "groups": {},
                "checks": {
                        "iam_group_create_seed status": {
                            "path": "::setup::iam_group_create_seed status",
                            "id": "3bb63f3cf774d33ab14eab88aa1ffeb3",
                            "passes": 1,
                            "fails": 0,
                            "name": "iam_group_create_seed status"
                        }
                    }
            }
        },
        "checks": {
            "iam_group_detail status": {
                "id": "0c1f95dda5f33579df06bb5f8ef054a7",
                "passes": 301,
                "fails": 0,
                "name": "iam_group_detail status",
                "path": "::iam_group_detail status"
            }
        },
        "name": ""
    }
}