{
    "metrics": {
        "http_req_tls_handshaking": {
            "med": 0,
            "max": 0,
            "p(90)": 0,
            "p(95)": 0,
            "avg": 0,
            "min": 0
        },
        "http_req_duration": {
            "max": 1.138663,
            "p(90)": 0.9002306000000001,
            "p(95)": 0.9503609000000001,
            "avg": 0.4673352766666666,
            "min": 0.206269,
            "med": 0.3432095,
            "thresholds": {
                "p(95)<1500": false
            }
        },
        "http_req_sending": {
            "avg": 0.01959259666666666,
            "min": 0.009134,
            "med": 0.016462,
            "max": 0.068903,
            "p(90)": 0.0416225,
            "p(95)": 0.052746100000000004
        },
        "iteration_duration": {
            "min": 0.3158,
            "med": 0.5235875000000001,
            "max": 1.958007,
            "p(90)": 1.1111321000000003,
            "p(95)": 1.20760985,
            "avg": 0.6649657300000001
        },
        "checks": {
            "passes": 84,
            "fails": 216,
            "thresholds": {
                "rate>0.95": true
            },
            "value": 0.28
        },
        "vus_max": {
            "value": 40,
            "min": 40,
            "max": 40
        },
        "http_req_blocked": {
            "avg": 0.03598081666666662,
            "min": 0.003136,
            "med": 0.0050805,
            "max": 0.665972,
            "p(90)": 0.19172710000000004,
            "p(95)": 0.24655444999999998
        },
        "data_received": {
            "count": 137642,
            "rate": 9175.539022660188
        },
        "http_reqs": {
            "count": 300,
            "rate": 19.99870465990073
        },
        "http_req_waiting": {
            "p(90)": 0.8229168,
            "p(95)": 0.8733770500000001,
            "avg": 0.4053373833333334,
            "min": 0.148925,
            "med": 0.28231249999999997,
            "max": 1.051397
        },
        "data_sent": {
            "count": 49730,
            "rate": 3315.118609122878
        },
        "http_req_failed": {
            "passes": 216,
            "fails": 84,
            "thresholds": {
                "rate<0.05": true
            },
            "value": 0.72
        },
        "http_req_receiving": {
            "min": 0.022723,
            "med": 0.040694999999999995,
            "max": 0.17175,
            "p(90)": 0.05263000000000001,
            "p(95)": 0.060852350000000006,
            "avg": 0.04240529666666668
        },
        "iterations": {
            "rate": 19.99870465990073,
            "count": 300
        },
        "http_req_connecting": {
            "avg": 0.02413535,
            "min": 0,
            "med": 0,
            "max": 0.244683,
            "p(90)": 0.14837700000000004,
            "p(95)": 0.19694145
        },
        "vus": {
            "value": 0,
            "min": 0,
            "max": 0
        },
        "http_req_duration{expected_response:true}": {
            "avg": 0.8483107380952382,
            "min": 0.530404,
            "med": 0.8495805000000001,
            "max": 1.138663,
            "p(90)": 0.9715543,
            "p(95)": 0.9993455
        }
    },
    "root_group": {
        "name": "",
        "path": "",
        "id": "d41d8cd98f00b204e9800998ecf8427e",
        "groups": {},
        "checks": {
                "market_rank_daily status": {
                    "passes": 84,
                    "fails": 216,
                    "name": "market_rank_daily status",
                    "path": "::market_rank_daily status",
                    "id": "3b0bd671acffdc49b7901d83dec83a1f"
                }
            }
    }
}