{
    "metrics": {
        "http_req_blocked": {
            "p(95)": 0.21311960000000002,
            "avg": 0.03378049666666667,
            "min": 0.003234,
            "med": 0.005176,
            "max": 0.968997,
            "p(90)": 0.1611727
        },
        "http_reqs": {
            "rate": 19.998836419699895,
            "count": 300
        },
        "vus_max": {
            "max": 40,
            "value": 40,
            "min": 40
        },
        "data_sent": {
            "count": 48231,
            "rate": 3215.212931195152
        },
        "http_req_waiting": {
            "avg": 0.48212665000000027,
            "min": 0.130832,
            "med": 0.29259349999999995,
            "max": 1.34328,
            "p(90)": 1.123531,
            "p(95)": 1.1997765999999999
        },
        "iterations": {
            "count": 300,
            "rate": 19.998836419699895
        },
        "iteration_duration": {
            "p(95)": 1.5378687500000001,
            "avg": 0.7506010899999999,
            "min": 0.325507,
            "med": 0.5338704999999999,
            "max": 2.614908,
            "p(90)": 1.4437566000000002
        },
        "vus": {
            "value": 0,
            "min": 0,
            "max": 0
        },
        "http_req_sending": {
            "med": 0.016789,
            "max": 0.127096,
            "p(90)": 0.037002300000000043,
            "p(95)": 0.053067300000000005,
            "avg": 0.01969844666666667,
            "min": 0.008778
        },
        "http_req_receiving": {
            "min": 0.02039,
            "med": 0.0420535,
            "max": 0.219574,
            "p(90)": 0.09337910000000002,
            "p(95)": 0.11706035000000001,
            "avg": 0.052369316666666645
        },
        "http_req_duration{expected_response:true}": {
            "max": 1.446861,
            "p(90)": 1.3620634999999999,
            "p(95)": 1.41495005,
            "avg": 1.1367532857142857,
            "min": 0.730614,
            "med": 1.1929905
        },
        "http_req_connecting": {
            "max": 0.340692,
            "p(90)": 0.11764120000000002,
            "p(95)": 0.17458785000000002,
            "avg": 0.021502946666666665,
            "min": 0,
            "med": 0
        },
        "http_req_tls_handshaking": {
            "p(90)": 0,
            "p(95)": 0,
            "avg": 0,
            "min": 0,
            "med": 0,
            "max": 0
        },
        "checks": {
            "passes": 84,
            "fails": 216,
            "thresholds": {
                "rate>0.95": true
            },
            "value": 0.28
        },
        "http_req_duration": {
            "med": 0.354916,
            "max": 1.446861,
            "p(90)": 1.2275949000000002,
            "p(95)": 1.3130427000000002,
            "avg": 0.5541944133333336,
            "min": 0.196539,
            "thresholds": {
                "p(95)<1500": false
            }
        },
        "data_received": {
            "count": 1231863,
            "rate": 82119.4220949359
        },
        "http_req_failed": {
            "passes": 216,
            "fails": 84,
            "thresholds": {
                "rate<0.05": true
            },
            "value": 0.72
        }
    },
    "root_group": {
        "name": "",
        "path": "",
        "id": "d41d8cd98f00b204e9800998ecf8427e",
        "groups": {},
        "checks": {
                "market_apps_list status": {
                    "fails": 216,
                    "name": "market_apps_list status",
                    "path": "::market_apps_list status",
                    "id": "9f79e1366fd6857d6a8f8c6c2ff256c6",
                    "passes": 84
                }
            }
    }
}