{
    "metrics": {
        "http_req_receiving": {
            "avg": 0.04527207308970097,
            "min": 0.024732,
            "med": 0.044193,
            "max": 0.126916,
            "p(90)": 0.057219,
            "p(95)": 0.062463
        },
        "http_req_failed": {
            "passes": 0,
            "fails": 301,
            "thresholds": {
                "rate<0.05": false
            },
            "value": 0
        },
        "data_sent": {
            "rate": 5626.047051260796,
            "count": 84430
        },
        "http_reqs": {
            "count": 301,
            "rate": 20.057327519003906
        },
        "http_req_tls_handshaking": {
            "med": 0,
            "max": 0,
            "p(90)": 0,
            "p(95)": 0,
            "avg": 0,
            "min": 0
        },
        "http_req_sending": {
            "min": 0.012897,
            "med": 0.022349,
            "max": 0.131064,
            "p(90)": 0.049479,
            "p(95)": 0.057339,
            "avg": 0.025772584717607964
        },
        "http_req_waiting": {
            "avg": 3.047179279069768,
            "min": 2.263017,
            "med": 2.832966,
            "max": 8.973468,
            "p(90)": 3.226851,
            "p(95)": 5.926224
        },
        "http_req_connecting": {
            "p(90)": 0.13715,
            "p(95)": 0.181021,
            "avg": 0.022606392026578076,
            "min": 0,
            "med": 0,
            "max": 0.279403
        },
        "http_req_duration": {
            "med": 2.906915,
            "max": 9.022229,
            "p(90)": 3.308173,
            "p(95)": 5.970681,
            "avg": 3.118223936877079,
            "min": 2.334251,
            "thresholds": {
                "p(95)<1500": false
            }
        },
        "iterations": {
            "count": 300,
            "rate": 19.990691879405887
        },
        "vus": {
            "value": 0,
            "min": 0,
            "max": 0
        },
        "http_req_duration{expected_response:true}": {
            "avg": 3.118223936877079,
            "min": 2.334251,
            "med": 2.906915,
            "max": 9.022229,
            "p(90)": 3.308173,
            "p(95)": 5.970681
        },
        "iteration_duration": {
            "avg": 3.3380886533333345,
            "min": 2.521791,
            "med": 3.1370905000000002,
            "max": 9.206521,
            "p(90)": 3.5626312,
            "p(95)": 6.153878150000001
        },
        "vus_max": {
            "value": 40,
            "min": 40,
            "max": 40
        },
        "data_received": {
            "count": 62466,
            "rate": 4162.461863129894
        },
        "checks": {
            "passes": 301,
            "fails": 0,
            "thresholds": {
                "rate>0.95": false
            },
            "value": 1
        },
        "http_req_blocked": {
            "avg": 0.03600161794019932,
            "min": 0.003429,
            "med": 0.005165,
            "max": 0.776324,
            "p(90)": 0.190364,
            "p(95)": 0.239463
        }
    },
    "setup_data": {
        "cookies": {},
        "groupID": "019ee926-9378-7ade-9e0f-4415bdf83509"
    },
    "root_group": {
        "groups": {
            "setup": {
                "name": "setup",
                "path": "::setup",
                "id": "5c0f8025f7e0b6654089e5b00e950f1a",
                "groups": {},
                "checks": {
                        "iam_group_create_seed status": {
                            "path": "::setup::iam_group_create_seed status",
                            "id": "3bb63f3cf774d33ab14eab88aa1ffeb3",
                            "passes": 1,
                            "fails": 0,
                            "name": "iam_group_create_seed status"
                        }
                    }
            }
        },
        "checks": {
            "iam_group_update status": {
                "id": "bfb2ab5269587aea485b7d5fbe66e70a",
                "passes": 300,
                "fails": 0,
                "name": "iam_group_update status",
                "path": "::iam_group_update status"
            }
        },
        "name": "",
        "path": "",
        "id": "d41d8cd98f00b204e9800998ecf8427e"
    }
}