{
    "root_group": {
        "name": "",
        "path": "",
        "id": "d41d8cd98f00b204e9800998ecf8427e",
        "groups": {
            "setup": {
                "name": "setup",
                "path": "::setup",
                "id": "5c0f8025f7e0b6654089e5b00e950f1a",
                "groups": {},
                "checks": {
                        "market_app_create_seed status": {
                            "name": "market_app_create_seed status",
                            "path": "::setup::market_app_create_seed status",
                            "id": "d85950b5e57cb8ab2f0fbb39bea73cd7",
                            "passes": 1,
                            "fails": 0
                        }
                    }
            }
        },
        "checks": {
            "market_app_download status": {
                "name": "market_app_download status",
                "path": "::market_app_download status",
                "id": "456734c134e0667f092e19c014d5b24d",
                "passes": 85,
                "fails": 216
            }
        }
    },
    "metrics": {
        "http_req_failed": {
            "passes": 216,
            "fails": 86,
            "thresholds": {
                "rate<0.05": true
            },
            "value": 0.7152317880794702
        },
        "http_req_waiting": {
            "avg": 2.3979173609271527,
            "min": 0.128811,
            "med": 0.302156,
            "max": 16.86376,
            "p(90)": 11.880661,
            "p(95)": 12.1231557
        },
        "vus_max": {
            "min": 40,
            "max": 40,
            "value": 40
        },
        "http_req_duration{expected_response:true}": {
            "avg": 7.843530872093018,
            "min": 2.806269,
            "med": 7.768094,
            "max": 17.008961,
            "p(90)": 12.415652999999999,
            "p(95)": 12.5781415
        },
        "data_sent": {
            "count": 58308,
            "rate": 3881.1834070770474
        },
        "vus": {
            "value": 0,
            "min": 0,
            "max": 0
        },
        "http_reqs": {
            "count": 302,
            "rate": 20.102171038918645
        },
        "http_req_sending": {
            "med": 0.0167155,
            "max": 0.101809,
            "p(90)": 0.03735500000000005,
            "p(95)": 0.050212549999999995,
            "avg": 0.01992329801324505,
            "min": 0.009608
        },
        "iteration_duration": {
            "p(90)": 12.178337,
            "p(95)": 12.405809,
            "avg": 2.622837325581396,
            "min": 0.323052,
            "med": 0.560494,
            "max": 14.005125
        },
        "http_req_connecting": {
            "p(95)": 0.161403,
            "avg": 0.019915834437086086,
            "min": 0,
            "med": 0,
            "max": 0.238188,
            "p(90)": 0.1135438
        },
        "http_req_duration": {
            "avg": 2.466647023178805,
            "min": 0.201201,
            "med": 0.363001,
            "max": 17.008961,
            "p(90)": 11.9947234,
            "p(95)": 12.20618395,
            "thresholds": {
                "p(95)<1500": false
            }
        },
        "http_req_blocked": {
            "p(95)": 0.2071461,
            "avg": 0.03215759933774834,
            "min": 0.003305,
            "med": 0.0050585000000000005,
            "max": 0.735422,
            "p(90)": 0.15570630000000002
        },
        "iterations": {
            "count": 301,
            "rate": 20.035607558657322
        },
        "http_req_receiving": {
            "min": 0.021113,
            "med": 0.0419025,
            "max": 0.234043,
            "p(90)": 0.06875200000000001,
            "p(95)": 0.08574959999999998,
            "avg": 0.0488063642384106
        },
        "data_received": {
            "count": 153958,
            "rate": 10247.980294072306
        },
        "checks": {
            "passes": 86,
            "fails": 216,
            "thresholds": {
                "rate>0.95": true
            },
            "value": 0.2847682119205298
        },
        "http_req_tls_handshaking": {
            "avg": 0,
            "min": 0,
            "med": 0,
            "max": 0,
            "p(90)": 0,
            "p(95)": 0
        }
    },
    "setup_data": {
        "appID": "95d1a0db-7d7d-4f45-b981-1b250d3e5f7b",
        "cookies": {}
    }
}